Workbook

Sheet SIGNAL 
B1: AUTOMATED PAIR TRADING SIGNAL - BUY ONLY WHEN ONE SIGNALS "BUY" AND OTHER SIGNALS "SELL" SIMULTANEOUSLY | AE1: @
B2: =IFERROR(__xludf.DUMMYFUNCTION("GOOGLEFINANCE(B5,""TRADETIME"")"),46311.64583333333) -> 46311.646 | C2: SIGNAL | E2: CORELATION % | J2: MAX RATIO | K2: MIN RATIO | M2: z score | O2: RATIO SPREAD | P2: PRICE | Q2: STANDARD DEVIATION | U2: DIVERGENCE
A3: LOT SIZE | B3: PAIR | C3: SELL | D3: BUY | E3: 30D | F3: 60 D | G3: 90D | H3: CORELEATION | I3: AVERAGE RATIO | J3: 60 Days | K3: 30 Days | L3: CURRENT | M3: MAX | N3: MIN | O3: CURRENT | P3: CURRENT | Q3: SMA 20 | R3: 2 SD | S3: MEAN | T3: -2SD | U3: CURRENT | W3: MAX | X3: MIN | Y3: CASH NEUTALITY RATIO | Z3: Price Diffrence | AA3: STOCK Number to BUY | AB3: Stock 1 Price | AC3: Stock 2 Value | AD3: BUY / sELL
A5: 700 | B5: NSE:ICICIBANK | C5: =if(AND(O5>J5,P5>=R5),"SELL Today","Do Not SELL Today") -> Do Not SELL Today | D5: =if(AND(P5<S5,O5<=K5,P5<=0.995*T5),"BUY Today","Do Not BUY Today") -> Do Not BUY Today | E5: ='ICICIBANK-HDFCBANK'!M2 -> -0.31463454 | F5: ='ICICIBANK-HDFCBANK'!M3 -> 0.25893018 | G5: ='ICICIBANK-HDFCBANK'!M4 -> 0.021267034 | H5: 30 DAYS | I5: ='ICICIBANK-HDFCBANK'!O2 -> 1.9230783 | J5: ='ICICIBANK-HDFCBANK'!P2 -> 2.0507757 | K5: ='ICICIBANK-HDFCBANK'!Q2 -> 1.7880172 | L5: ='ICICIBANK-HDFCBANK'!J128 -> 0.7366854 | M5: =maX('ICICIBANK-HDFCBANK'!J11:J117) -> 1.6632338 | N5: =MIN('ICICIBANK-HDFCBANK'!J11:J117) -> -1.5745616 | O5: =P5/P6 -> 1.9167181 | P5: =IFERROR(__xludf.DUMMYFUNCTION("GOOGLEFINANCE(B5,""PRICE"")"),1397.0) -> 1397 | Q5: =IFERROR(__xludf.DUMMYFUNCTION("AVERAGE(QUERY(SORT(GOOGLEFINANCE(B5,""price"",TODAY()-320,TODAY()),1,0),""select Col2 limit 20""))"),1340.6399999999999) -> 1340.64 | R5: ='ICICIBANK-HDFCBANK'!C3 -> 1427.5 | S5: ='ICICIBANK-HDFCBANK'!C8 -> 1351.7095 | T5: ='ICICIBANK-HDFCBANK'!C4 -> 1292.2 | U5: ='ICICIBANK-HDFCBANK'!O116 -> -0.040232758 | V5: 30 DAYS | W5: =MAX('ICICIBANK-HDFCBANK'!O87:O116) -> 0.04304118 | X5: =MIN('ICICIBANK-HDFCBANK'!O87:O116) -> -0.076354007 | Y5: =(P5*A5)/(P6*A6) -> 2.4394594 | Z5: =(A5*P5)-(A6*P6) -> 577032.5 | AA5: =if((AD5="BUY"), -(Z5/P5)) -> FALSE | AB5: =P5*A5 -> 977900 | AD5: =if( Z5<0,"Buy","Do Not buy") -> Do Not buy
A6: 550 | B6: NSE:HDFCBANK | C6: =if(AND(O6>J6,P6>=R6),"SELL Today","Do Not SELL Today") -> Do Not SELL Today | D6: =if(AND(P6<S6,O6<=K6,P6<=0.995*T6),"BUY Today","Do Not BUY Today") -> Do Not BUY Today | H6: 60 DAYS | I6: ='ICICIBANK-HDFCBANK'!O3 -> 1.9110265 | J6: ='ICICIBANK-HDFCBANK'!P3 -> 2.0507757 | K6: ='ICICIBANK-HDFCBANK'!Q3 -> 1.6985272 | O6: =P5/P6 -> 1.9167181 | P6: =IFERROR(__xludf.DUMMYFUNCTION("GOOGLEFINANCE(B6,""PRICE"")"),728.85) -> 728.85 | Q6: =IFERROR(__xludf.DUMMYFUNCTION("AVERAGE(QUERY(SORT(GOOGLEFINANCE(B6,""price"",TODAY()-320,TODAY()),1,0),""select Col2 limit 20""))"),719.315) -> 719.315 | R6: ='ICICIBANK-HDFCBANK'!F3 -> 739.5 | S6: ='ICICIBANK-HDFCBANK'!F8 -> 717.35952 | T6: ='ICICIBANK-HDFCBANK'!F4 -> 687.1 | V6: 60 days | W6: =MAX('ICICIBANK-HDFCBANK'!O57:O116) -> 0.096110898 | X6: =MIN('ICICIBANK-HDFCBANK'!O57:O116) -> -0.076354007 | AA6: =if((AD6="BUY"), (Z5/P6)) -> FALSE | AC6: =P6*A6 -> 400867.5
A8: 625 | B8: NSE:AXISBANK | C8: =if(AND(O8>J8,P8>=R8),"SELL Today","Do Not SELL Today") -> Do Not SELL Today | D8: =if(AND(P8<S8,O8<=K8,P8<=0.995*T8),"BUY Today","Do Not BUY Today") -> Do Not BUY Today | E8: ='AXISBANK-ICICIBANK'!N2 -> 0.74448663 | F8: ='AXISBANK-ICICIBANK'!N3 -> 0.37905168 | G8: ='AXISBANK-ICICIBANK'!N4 -> -0.09975295 | H8: 30 DAYS | I8: ='AXISBANK-ICICIBANK'!P2 -> 0.90180618 | J8: ='AXISBANK-ICICIBANK'!Q2 -> 0.93883038 | K8: ='AXISBANK-ICICIBANK'!R2 -> 0.86806776 | L8: ='AXISBANK-ICICIBANK'!J128 -> -0.23219858 | M8: =MAX('AXISBANK-ICICIBANK'!J11:J117) -> 1.4734222 | N8: =MIN('AXISBANK-ICICIBANK'!J11:J117) -> -1.516322 | O8: =P8/P9 -> 0.9234073 | P8: =IFERROR(__xludf.DUMMYFUNCTION("GOOGLEFINANCE(B8,""PRICE"")"),1290.0) -> 1290 | Q8: =IFERROR(__xludf.DUMMYFUNCTION("AVERAGE(QUERY(SORT(GOOGLEFINANCE(B8,""price"",TODAY()-320,TODAY()),1,0),""select Col2 limit 20""))"),1242.3850000000002) -> 1242.385 | R8: ='AXISBANK-ICICIBANK'!C3 -> 1273 | S8: ='AXISBANK-ICICIBANK'!C8 -> 1235.9714 | T8: ='AXISBANK-ICICIBANK'!C4 -> 1186.5 | U8: ='AXISBANK-ICICIBANK'!P116 -> 0.018594065 | V8: 30 DAYS | W8: =MAX('AXISBANK-ICICIBANK'!P87:P116) -> 0.05309431 | X8: =MIN('AXISBANK-ICICIBANK'!P87:P116) -> -0.01287434 | Y8: =(P8*A8)/(P9*A9) -> 0.8244708 | Z8: =(A8*P8)-(A9*P9) -> -171650 | AA8: =if((AD8="BUY"), -(Z8/P8)) -> 133.06202 | AB8: =P8*A8 -> 806250 | AD8: =if( Z8<0,"Buy","Do Not buy") -> Buy
A9: 700 | B9: NSE:ICICIBANK | C9: =if(AND(O9>J9,P9>=R9),"SELL Today","Do Not SELL Today") -> Do Not SELL Today | D9: =if(AND(P9<S9,O9<=K9,P9<=0.995*T9),"BUY Today","Do Not BUY Today") -> Do Not BUY Today | H9: 60 DAYS | I9: ='AXISBANK-ICICIBANK'!P3 -> 0.88935861 | J9: ='ICICIBANK-HDFCBANK'!P3 -> 2.0507757 | K9: ='AXISBANK-ICICIBANK'!R3 -> 0.84906965 | O9: =P8/P9 -> 0.9234073 | P9: =IFERROR(__xludf.DUMMYFUNCTION("GOOGLEFINANCE(B9,""PRICE"")"),1397.0) -> 1397 | Q9: =IFERROR(__xludf.DUMMYFUNCTION("AVERAGE(QUERY(SORT(GOOGLEFINANCE(B9,""price"",TODAY()-320,TODAY()),1,0),""select Col2 limit 20""))"),1340.6399999999999) -> 1340.64 | R9: ='AXISBANK-ICICIBANK'!F3 -> 1427.5 | S9: ='AXISBANK-ICICIBANK'!F8 -> 1351.7095 | T9: ='AXISBANK-ICICIBANK'!F4 -> 1292.2 | V9: 60 days | W9: =MAX('AXISBANK-ICICIBANK'!P57:P116) -> 0.05309431 | X9: =MIN('AXISBANK-ICICIBANK'!P57:P116) -> -0.10578715 | AA9: =if((AD9="BUY"), (Z8/P9)) -> FALSE | AC9: =P9*A9 -> 977900
A11: 650 | B11: NSE:CIPLA | C11: =if(AND(O11>J11,P11>=R11),"SELL Today","Do Not SELL Today") -> Do Not SELL Today | D11: =if(AND(P11<S11,O11>J11,P11<=0.995*T11),"BUY Today","Do Not BUY Today") -> Do Not BUY Today | E11: ='CIPLA-SUNPHARMA'!N2 -> 0.81677819 | F11: ='CIPLA-SUNPHARMA'!N3 -> 0.83419261 | G11: ='CIPLA-SUNPHARMA'!N4 -> 0.71443558 | H11: 30 DAYS | I11: ='CIPLA-SUNPHARMA'!P2 -> 0.7404995 | J11: =Max('CIPLA-SUNPHARMA'!Q2) -> 0.75899418 | K11: =Max('CIPLA-SUNPHARMA'!R2) -> 0.70999597 | L11: ='CIPLA-SUNPHARMA'!J128 -> 0.92294387 | M11: =MAX('CIPLA-SUNPHARMA'!J11:J117) -> 2.1777409 | N11: =MIN('CIPLA-SUNPHARMA'!J11:J117) -> -2.4493231 | O11: =P11/P12 -> 0.75341142 | P11: =IFERROR(__xludf.DUMMYFUNCTION("GOOGLEFINANCE(B11,""PRICE"")"),1325.1) -> 1325.1 | Q11: =IFERROR(__xludf.DUMMYFUNCTION("AVERAGE(QUERY(SORT(GOOGLEFINANCE(B11,""price"",TODAY()-320,TODAY()),1,0),""select Col2 limit 20""))"),1350.935) -> 1350.935 | R11: ='CIPLA-SUNPHARMA'!C3 -> 1399.7 | S11: ='CIPLA-SUNPHARMA'!C8 -> 1372.7048 | T11: ='CIPLA-SUNPHARMA'!C4 -> 1335.5 | U11: ='CIPLA-SUNPHARMA'!P116 -> 0.0068214377 | V11: 30 DAYS | W11: =MAX('CIPLA-SUNPHARMA'!P87:P116) -> 0.029296804 | X11: =MIN('CIPLA-SUNPHARMA'!P57:P116) -> -0.052989292 | Y11: =(P11*A11)/(P12*A12) -> 1.3991926 | Z11: =(A11*P11)-(A12*P12) -> 245735 | AA11: =if((AD11="BUY"), -(Z11/P11)) -> FALSE | AB11: =P11*A11 -> 861315 | AD11: =if( Z11<0,"Buy","Do Not buy") -> Do Not buy
A12: 350 | B12: NSE:SUNPHARMA | C12: =if(AND(O12>J12,P12>=R12),"SELL Today","Do Not SELL Today") -> Do Not SELL Today | D12: =if(AND(P12<S12,O12>J12,P12<=0.995*T12),"BUY Today","Do Not BUY Today") -> Do Not BUY Today | H12: 60 DAYS | I12: ='CIPLA-SUNPHARMA'!P3 -> 0.74151106 | J12: =Max('CIPLA-SUNPHARMA'!Q3) -> 0.76321263 | K12: =Max('CIPLA-SUNPHARMA'!R3) -> 0.70999597 | O12: =P11/P12 -> 0.75341142 | P12: =IFERROR(__xludf.DUMMYFUNCTION("GOOGLEFINANCE(B12,""PRICE"")"),1758.8) -> 1758.8 | Q12: =IFERROR(__xludf.DUMMYFUNCTION("AVERAGE(QUERY(SORT(GOOGLEFINANCE(B12,""price"",TODAY()-320,TODAY()),1,0),""select Col2 limit 20""))"),1806.2400000000002) -> 1806.24 | R12: ='CIPLA-SUNPHARMA'!F3 -> 1899 | S12: ='CIPLA-SUNPHARMA'!F8 -> 1848.8429 | T12: ='CIPLA-SUNPHARMA'!F4 -> 1779.7 | V12: 60 days | W12: =MAX('CIPLA-SUNPHARMA'!P57:P116) -> 0.029296804 | X12: =MIN('CIPLA-SUNPHARMA'!P57:P116) -> -0.052989292 | AA12: =if((AD12="BUY"), (Z11/P12)) -> FALSE | AC12: =P12*A12 -> 615580
A14: 1975 | B14: NSE:BPCL | C14: =if(AND(O14>J14,P14>=R14),"SELL Today","Do Not SELL Today") -> Do Not SELL Today | D14: =if(AND(P14<S14,O14>J14,P14<=0.995*T14),"BUY Today","Do Not BUY Today") -> Do Not BUY Today | E14: ='BPCL-HINDPETRO'!N2 -> 0.83864007 | F14: ='BPCL-HINDPETRO'!N3 -> 0.63805473 | G14: ='BPCL-HINDPETRO'!N4 -> 0.26896988 | H14: 30 DAYS | I14: ='BPCL-HINDPETRO'!P2 -> 0.86997676 | J14: =Max('BPCL-HINDPETRO'!Q2) -> 0.8902507 | K14: =Max('BPCL-HINDPETRO'!R2) -> 0.83855357 | L14: ='BPCL-HINDPETRO'!J128 -> 1.0531361 | M14: =MAX('BPCL-HINDPETRO'!J11:J117) -> 1.7562373 | N14: =MIN('BPCL-HINDPETRO'!J11:J117) -> -1.4694408 | O14: =P14/P15 -> 0.8482659 | P14: =IFERROR(__xludf.DUMMYFUNCTION("GOOGLEFINANCE(B14,""PRICE"")"),293.5) -> 293.5 | Q14: =IFERROR(__xludf.DUMMYFUNCTION("AVERAGE(QUERY(SORT(GOOGLEFINANCE(B14,""price"",TODAY()-320,TODAY()),1,0),""select Col2 limit 20""))"),299.68500000000006) -> 299.685 | R14: ='BPCL-HINDPETRO'!C3 -> 315.75 | S14: ='BPCL-HINDPETRO'!C8 -> 306.05 | T14: ='BPCL-HINDPETRO'!C4 -> 296.95 | U14: ='BPCL-HINDPETRO'!P117 -> -0.0051517579 | V14: 30 DAYS | W14: =MAX('BPCL-HINDPETRO'!P87:P116) -> 0.055224519 | X14: =MIN('BPCL-HINDPETRO'!P87:P116) -> -0.019910658 | Y14: =(P14*A14)/(P15*A15) -> 0.82732106 | Z14: =(A14*P14)-(A15*P15) -> -120987.5 | AA14: =if((AD14="BUY"), -(Z14/P14)) -> 412.22317 | AB14: =P14*A14 -> 579662.5 | AC14: =P14*A14 -> 579662.5 | AD14: =if( Z14<0,"Buy","Do Not buy") -> Buy
A15: 2025 | B15: NSE:HINDPETRO | C15: =if(AND(O15>J15,P15>=R15),"SELL Today","Do Not SELL Today") -> Do Not SELL Today | D15: =if(AND(P15<S15,O15>J15,P15<=0.995*T15),"BUY Today","Do Not BUY Today") -> Do Not BUY Today | H15: 60 DAYS | I15: ='BPCL-HINDPETRO'!P3 -> 0.84076878 | J15: =Max('BPCL-HINDPETRO'!Q3) -> 0.8902507 | K15: =Max('BPCL-HINDPETRO'!R3) -> 0.78117176 | O15: =P14/P15 -> 0.8482659 | P15: =IFERROR(__xludf.DUMMYFUNCTION("GOOGLEFINANCE(B15,""PRICE"")"),346.0) -> 346 | Q15: =IFERROR(__xludf.DUMMYFUNCTION("AVERAGE(QUERY(SORT(GOOGLEFINANCE(B15,""price"",TODAY()-320,TODAY()),1,0),""select Col2 limit 20""))"),345.08) -> 345.08 | R15: ='BPCL-HINDPETRO'!F3 -> 360.7 | S15: ='BPCL-HINDPETRO'!F8 -> 351.37857 | T15: ='BPCL-HINDPETRO'!F4 -> 342.35 | V15: 60 days | W15: =MAX('BPCL-HINDPETRO'!P57:P116) -> 0.055224519 | X15: =MIN('BPCL-HINDPETRO'!P57:P116) -> -0.019910658 | AA15: =if((AD15="BUY"), (Z14/P15)) -> FALSE
A17: 300 | B17: NSE:ACC | C17: =if(AND(O17>J17,P17>=R17),"SELL Today","Do Not SELL Today") -> Do Not SELL Today | D17: =if(AND(P17<S17,O17>J17,P17<=0.995*T17),"BUY Today","Do Not BUY Today") -> Do Not BUY Today | E17: ='ACC-AMBUJA'!N2 -> 0.9843871 | G17: ='ACC-AMBUJA'!N3 -> 0.99313904 | H17: 30 DAYS | I17: ='ACC-AMBUJA'!P2 -> 3.1949036 | J17: =Max('ACC-AMBUJA'!Q2) -> 3.2880383 | K17: =Max('ACC-AMBUJA'!R2) -> 3.1407407 | L17: ='ACC-AMBUJA'!J128 -> -2.1997257 | M17: =MAX('ACC-AMBUJA'!J11:J117) -> 1.65478 | N17: =MIN('ACC-AMBUJA'!J11:J117) -> -2.5707325 | O17: =P17/P18 -> 3.3083333 | P17: =IFERROR(__xludf.DUMMYFUNCTION("GOOGLEFINANCE(B17,""PRICE"")"),1191.0) -> 1191 | Q17: =IFERROR(__xludf.DUMMYFUNCTION("AVERAGE(QUERY(SORT(GOOGLEFINANCE(B17,""price"",TODAY()-320,TODAY()),1,0),""select Col2 limit 20""))"),1189.675) -> 1189.675 | R17: ='ACC-AMBUJA'!C3 -> 1283.8 | S17: ='ACC-AMBUJA'!C8 -> 1233.3619 | T17: ='ACC-AMBUJA'!C4 -> 1177 | U17: ='ACC-AMBUJA'!P116 -> 0.019538014 | V17: 30 DAYS | W17: =MAX('ACC-AMBUJA'!P87:P116) -> 0.029647884 | X17: =MIN('ACC-AMBUJA'!P87:P116) -> -0.0073152807 | Y17: =(P17*A17)/(P18*A18) -> 1.1027778 | Z17: =(A17*P17)-(A18*P18) -> 33300 | AA17: =if((AD17="BUY"), -(Z17/P17)) -> FALSE | AB17: =P17*A17 -> 357300 | AD17: =if( Z17<0,"Buy","Do Not buy") -> Do Not buy
A18: 900 | B18: NSE:AMBUJACEM | C18: =if(AND(O18>J18,P18>=R18),"SELL Today","Do Not SELL Today") -> Do Not SELL Today | D18: =if(AND(P18<S18,O18>J18,P18<=0.995*T18),"BUY Today","Do Not BUY Today") -> Do Not BUY Today | H18: 60 DAYS | I18: ='ACC-AMBUJA'!P3 -> 3.17563 | J18: =Max('ACC-AMBUJA'!Q3) -> 3.2880383 | K18: =Max('ACC-AMBUJA'!R3) -> 3.1241363 | O18: =P17/P18 -> 3.3083333 | P18: =IFERROR(__xludf.DUMMYFUNCTION("GOOGLEFINANCE(B18,""PRICE"")"),360.0) -> 360 | Q18: =IFERROR(__xludf.DUMMYFUNCTION("AVERAGE(QUERY(SORT(GOOGLEFINANCE(B18,""price"",TODAY()-320,TODAY()),1,0),""select Col2 limit 20""))"),366.9150000000001) -> 366.915 | R18: ='ACC-AMBUJA'!F3 -> 405 | S18: ='ACC-AMBUJA'!F8 -> 383.97143 | T18: ='ACC-AMBUJA'!F4 -> 361.55 | V18: 60 days | W18: =MAX('ACC-AMBUJA'!P57:P116) -> 0.029647884 | X18: =MIN('ACC-AMBUJA'!P57:P116) -> -0.011287948 | AA18: =if((AD18="BUY"), (Z17/P18)) -> FALSE | AC18: =P18*A18 -> 324000
A20: 175 | B20: NSE:TCS | C20: =if(AND(O20>J20,P20>=R20),"SELL Today","Do Not SELL Today") -> Do Not SELL Today | D20: =if(AND(P20<S20,O20>J20,P20<=0.995*T20),"BUY Today","Do Not BUY Today") -> Do Not BUY Today | E20: ='TCS-HCLTECH'!N2 -> 0.76671083 | F20: ='TCS-HCLTECH'!N3 -> 0.80626554 | G20: ='TCS-HCLTECH'!N4 -> 0.79020119 | H20: 30 DAYS | I20: ='TCS-HCLTECH'!P2 -> 1.7353166 | J20: =Max('TCS-HCLTECH'!Q2) -> 1.828456 | K20: =Max('TCS-HCLTECH'!R2) -> 1.6531215 | L20: ='TCS-HCLTECH'!J128 -> 0.73628214 | M20: =MAX('TCS-HCLTECH'!J11:J117) -> 2.4236684 | N20: =MIN('TCS-HCLTECH'!J11:J117) -> -2.1363544 | O20: =P20/P21 -> 1.7862319 | P20: =IFERROR(__xludf.DUMMYFUNCTION("GOOGLEFINANCE(B20,""PRICE"")"),2465.0) -> 2465 | Q20: =IFERROR(__xludf.DUMMYFUNCTION("AVERAGE(QUERY(SORT(GOOGLEFINANCE(B20,""price"",TODAY()-320,TODAY()),1,0),""select Col2 limit 20""))"),2143.3450000000003) -> 2143.345 | R20: ='TCS-HCLTECH'!C3 -> 2270 | S20: ='TCS-HCLTECH'!C8 -> 2137.5667 | T20: ='TCS-HCLTECH'!C4 -> 2032.4 | U20: ='TCS-HCLTECH'!P117 -> 0.013656121 | V20: 30 DAYS | W20: =MAX('TCS-HCLTECH'!P87:JP116) -> 0.037188776 | X20: =MIN('TCS-HCLTECH'!P87:P116) -> -0.061880057 | Y20: =(P20*A20)/(P21*A21) -> 0.89311594 | Z20: =(A20*P20)-(A21*P21) -> -51625 | AA20: =if((AD20="BUY"), -(Z20/P20)) -> 20.943205 | AB20: =P20*A20 -> 431375 | AD20: =if( Z20<0,"Buy","Do Not buy") -> Buy
A21: 350 | B21: NSE:HCLTECH | C21: =if(AND(O21>J21,P21>=R21),"SELL Today","Do Not SELL Today") -> Do Not SELL Today | D21: =if(AND(P21<S21,O21>J21,P21<=0.995*T21),"BUY Today","Do Not BUY Today") -> Do Not BUY Today | H21: 60 DAYS | I21: ='TCS-HCLTECH'!P3 -> 1.7629818 | J21: =Max('TCS-HCLTECH'!Q3) -> 1.8861747 | K21: =Max('TCS-HCLTECH'!R3) -> 1.6531215 | O21: =P20/P21 -> 1.7862319 | P21: =IFERROR(__xludf.DUMMYFUNCTION("GOOGLEFINANCE(B21,""PRICE"")"),1380.0) -> 1380 | Q21: =IFERROR(__xludf.DUMMYFUNCTION("AVERAGE(QUERY(SORT(GOOGLEFINANCE(B21,""price"",TODAY()-320,TODAY()),1,0),""select Col2 limit 20""))"),1255.3799999999999) -> 1255.38 | R21: ='TCS-HCLTECH'!F3 -> 1282.8 | S21: ='TCS-HCLTECH'!F8 -> 1241.2238 | T21: ='TCS-HCLTECH'!F4 -> 1185 | V21: 60 days | W21: =MAX('TCS-HCLTECH'!P57:P116) -> 0.037188776 | X21: =MIN('TCS-HCLTECH'!P57:P116) -> -0.061880057 | AA21: =if((AD21="BUY"), (Z20/P21)) -> FALSE | AC21: =P21*A21 -> 483000
A23: 5500 | B23: NSE:TATASTEEL | C23: =if(AND(O23>J23,P23>=R23),"SELL Today","Do Not SELL Today") -> Do Not SELL Today | D23: =if(AND(P23<S23,O23>J23,P23<=0.995*T23),"BUY Today","Do Not BUY Today") -> Do Not BUY Today | E23: ='TATASTEEL-JSWSTEEL1'!N2 -> 0.61312346 | F23: ='TATASTEEL-JSWSTEEL1'!N3 -> 0.48024676 | G23: ='TATASTEEL-JSWSTEEL1'!N4 -> 0.27543409 | H23: 30 DAYS | I23: ='TATASTEEL-JSWSTEEL1'!P2 -> 0.14397069 | J23: =Max('TATASTEEL-JSWSTEEL1'!Q2) -> 0.14942556 | K23: =Max('TATASTEEL-JSWSTEEL1'!R2) -> 0.13966355 | L23: ='TATASTEEL-JSWSTEEL1'!J128 -> 1.3975332 | M23: =MAX('TATASTEEL-JSWSTEEL1'!J11:J117) -> 1.7364237 | N23: =MIN('TATASTEEL-JSWSTEEL1'!J11:J117) -> -2.4939845 | O23: =P23/P24 -> 0.14429006 | P23: =IFERROR(__xludf.DUMMYFUNCTION("GOOGLEFINANCE(B23,""PRICE"")"),175.5) -> 175.5 | Q23: =IFERROR(__xludf.DUMMYFUNCTION("AVERAGE(QUERY(SORT(GOOGLEFINANCE(B23,""price"",TODAY()-320,TODAY()),1,0),""select Col2 limit 20""))"),180.459) -> 180.459 | R23: ='TATASTEEL-JSWSTEEL1'!C3 -> 190.82 | S23: ='TATASTEEL-JSWSTEEL1'!C8 -> 184.3819 | T23: ='TATASTEEL-JSWSTEEL1'!C4 -> 175.64 | U23: ='TATASTEEL-JSWSTEEL1'!P117 -> -0.026567012 | V23: 30 DAYS | W23: =MAX('TATASTEEL-JSWSTEEL1'!P87:P116) -> 0.051196407 | X23: =MIN('TATASTEEL-JSWSTEEL1'!P87:P116) -> -0.03361178 | Y23: =(P23*A23)/(P24*A24) -> 1.1756968 | Z23: =(A23*P23)-(A24*P24) -> 144247.5 | AA23: =if((AD23="BUY"), -(Z23/P23)) -> FALSE | AB23: =P23*A23 -> 965250 | AD23: =if( Z23<0,"Buy","Do Not buy") -> Do Not buy
A24: 675 | B24: NSE:JSWSTEEL | C24: =if(AND(O24>J24,P24>=R24),"SELL Today","Do Not SELL Today") -> Do Not SELL Today | D24: =if(AND(P24<S24,O24>J24,P24<=0.995*T24),"BUY Today","Do Not BUY Today") -> Do Not BUY Today | H24: 60 DAYS | I24: ='TATASTEEL-JSWSTEEL1'!P3 -> 0.14542925 | J24: =Max('TATASTEEL-JSWSTEEL1'!Q3) -> 0.15191646 | K24: =Max('TATASTEEL-JSWSTEEL1'!R3) -> 0.13966355 | O24: =P23/P24 -> 0.14429006 | P24: =IFERROR(__xludf.DUMMYFUNCTION("GOOGLEFINANCE(B24,""PRICE"")"),1216.3) -> 1216.3 | Q24: =IFERROR(__xludf.DUMMYFUNCTION("AVERAGE(QUERY(SORT(GOOGLEFINANCE(B24,""price"",TODAY()-320,TODAY()),1,0),""select Col2 limit 20""))"),1234.6349999999998) -> 1234.635 | R24: ='TATASTEEL-JSWSTEEL1'!F3 -> 1310 | S24: ='TATASTEEL-JSWSTEEL1'!F8 -> 1267.4667 | T24: ='TATASTEEL-JSWSTEEL1'!F4 -> 1229.2 | V24: 60 days | W24: =MAX('TATASTEEL-JSWSTEEL1'!P57:P116) -> 0.051196407 | X24: =MIN('TATASTEEL-JSWSTEEL1'!P57:P116) -> -0.03361178 | AA24: =if((AD24="BUY"), (Z23/P24)) -> FALSE | AC24: =P24*A24 -> 821002.5
A26: 200 | B26: NSE:NESTLEIND | C26: =if(AND(O26>J26,P26>=R26),"SELL Today","Do Not SELL Today") -> Do Not SELL Today | D26: =if(AND(P26<S26,O26>J26,P26<=0.995*T26),"BUY Today","Do Not BUY Today") -> Do Not BUY Today | E26: ='NESTLE-HINDUNILVR'!N2 -> 0.9122198 | F26: ='NESTLE-HINDUNILVR'!N3 -> 0.76447922 | G26: ='NESTLE-HINDUNILVR'!N4 -> 0.43604026 | H26: 30 DAYS | I26: ='NESTLE-HINDUNILVR'!P2 -> 0.71550407 | J26: =Max('NESTLE-HINDUNILVR'!Q2) -> 0.76064857 | K26: =Max('NESTLE-HINDUNILVR'!R2) -> 0.69714225 | L26: ='NESTLE-HINDUNILVR'!J128 -> 0.3632604 | M26: =MAX('NESTLE-HINDUNILVR'!J11:J117) -> 1.8928575 | N26: =MIN('NESTLE-HINDUNILVR'!J11:J117) -> -1.8125768 | O26: =P26/P27 -> 0.66823318 | P26: =IFERROR(__xludf.DUMMYFUNCTION("GOOGLEFINANCE(B26,""PRICE"")"),1265.5) -> 1265.5 | Q26: =IFERROR(__xludf.DUMMYFUNCTION("AVERAGE(QUERY(SORT(GOOGLEFINANCE(B26,""price"",TODAY()-320,TODAY()),1,0),""select Col2 limit 20""))"),1336.4600000000003) -> 1336.46 | R26: ='NESTLE-HINDUNILVR'!C3 -> 1410.5 | S26: ='NESTLE-HINDUNILVR'!C8 -> 1364.6952 | T26: ='NESTLE-HINDUNILVR'!C4 -> 1297.1 | U26: ='NESTLE-HINDUNILVR'!P116 -> 0.0034325215 | V26: 30 DAYS | W26: =MAX('NESTLE-HINDUNILVR'!P87:P116) -> 0.045728687 | X26: =MAX('NESTLE-HINDUNILVR'!P87:P116) -> 0.045728687 | Y26: =(P26*A26)/(P27*A27) -> 0.44548879 | Z26: =(A26*P26)-(A27*P27) -> -315040 | AA26: =if((AD26="BUY"), -(Z26/P26)) -> 248.94508 | AB26: =P26*A26 -> 253100 | AD26: =if( Z26<0,"Buy","Do Not buy") -> Buy
A27: 300 | B27: NSE:HINDUNILVR | C27: =if(AND(O27>J27,P27>=R27),"SELL Today","Do Not SELL Today") -> Do Not SELL Today | D27: =if(AND(P27<S27,O27>J27,P27<=0.995*T27),"BUY Today","Do Not BUY Today") -> Do Not BUY Today | F27: ='NESTLE-HINDUNILVR'!K7 | H27: 60 DAYS | I27: ='NESTLE-HINDUNILVR'!P3 -> 0.7099397 | J27: =Max('NESTLE-HINDUNILVR'!Q3) -> 0.76064857 | K27: =Max('NESTLE-HINDUNILVR'!R3) -> 0.66499586 | O27: =P26/P27 -> 0.66823318 | P27: =IFERROR(__xludf.DUMMYFUNCTION("GOOGLEFINANCE(B27,""PRICE"")"),1893.8) -> 1893.8 | Q27: =IFERROR(__xludf.DUMMYFUNCTION("AVERAGE(QUERY(SORT(GOOGLEFINANCE(B27,""price"",TODAY()-320,TODAY()),1,0),""select Col2 limit 20""))"),1889.845) -> 1889.845 | R27: ='NESTLE-HINDUNILVR'!F3 -> 1980 | S27: ='NESTLE-HINDUNILVR'!F8 -> 1924.6524 | T27: ='NESTLE-HINDUNILVR'!F4 -> 1836 | V27: 60 days | W27: =MAX('NESTLE-HINDUNILVR'!P57:P116) -> 0.089442222 | X27: =MIN('NESTLE-HINDUNILVR'!P57:P116) -> -0.027094349 | AA27: =if((AD27="BUY"), (Z26/P27)) -> FALSE | AC27: =P27*A27 -> 568140
A29: 25 | B29: INDEXNSE:NIFTY_50 | C29: =if(AND(O29>J29,P29>=R29),"SELL Today","Do Not SELL Today") -> Do Not SELL Today | D29: =if(AND(P29<S29,O29>J29,P29<=0.995*T29),"BUY Today","Do Not BUY Today") -> Do Not BUY Today | E29: ='NIFTY-BANKNIFTY'!N2 -> 0.97145202 | F29: ='NIFTY-BANKNIFTY'!N3 -> 0.94216834 | G29: ='NIFTY-BANKNIFTY'!N4 -> 0.83448052 | H29: 30 DAYS | I29: ='NIFTY-BANKNIFTY'!P2 -> 0.41643472 | J29: =MAX('NIFTY-BANKNIFTY'!Q2) -> 0.42310508 | K29: =MAX('NIFTY-BANKNIFTY'!R2) -> 0.41178404 | L29: ='NIFTY-BANKNIFTY'!J128 -> -0.093498457 | M29: =MAX('NIFTY-BANKNIFTY'!J11:J117) -> 2.2777198 | N29: =MIN('NIFTY-BANKNIFTY'!J11:J117) -> -1.3057041 | O29: =P29/P30 -> 0.41447873 | P29: =IFERROR(__xludf.DUMMYFUNCTION("GOOGLEFINANCE(B29,""PRICE"")"),23146.15) -> 23146.15 | Q29: =IFERROR(__xludf.DUMMYFUNCTION("AVERAGE(QUERY(SORT(GOOGLEFINANCE(B29,""price"",TODAY()-320,TODAY()),1,0),""select Col2 limit 20""))"),22840.879999999997) -> 22840.88 | R29: ='NIFTY-BANKNIFTY'!C3 -> 23897.7 | S29: ='NIFTY-BANKNIFTY'!C8 -> 23182.712 | T29: ='NIFTY-BANKNIFTY'!C4 -> 22421.95 | U29: ='NIFTY-BANKNIFTY'!P116 -> -0.0088068348 | V29: 30 DAYS | W29: =MAX('NIFTY-BANKNIFTY'!P87:P117) -> 0.0068758062 | X29: =MIN('NIFTY-BANKNIFTY'!P87:Q117) -> -0.017513388 | Y29: =(P29*A29)/(P30*A30) -> 0.69079788 | Z29: =(A29*P29)-(A30*P30) -> -259006.25 | AA29: =if((AD29="BUY"), -(Z29/P29)) -> 11.190036 | AB29: =P29*A29 -> 578653.75 | AD29: =if( Z29<0,"Buy","Do Not buy") -> Buy
A30: 15 | B30: INDEXNSE:NIFTY_BANK | C30: =if(AND(O30>J30,P30>=R30),"SELL Today","Do Not SELL Today") -> Do Not SELL Today | D30: =if(AND(P30<S30,O30>J30,P30<=0.995*T30),"BUY Today","Do Not BUY Today") -> Do Not BUY Today | H30: 60 DAYS | I30: ='NIFTY-BANKNIFTY'!P3 -> 0.41910093 | J30: ='NIFTY-BANKNIFTY'!Q3 -> 0.42647508 | K30: ='NIFTY-BANKNIFTY'!R3 -> 0.41178404 | O30: =P29/P30 -> 0.41447873 | P30: =IFERROR(__xludf.DUMMYFUNCTION("GOOGLEFINANCE(B30,""PRICE"")"),55844.0) -> 55844 | Q30: =IFERROR(__xludf.DUMMYFUNCTION("AVERAGE(QUERY(SORT(GOOGLEFINANCE(B30,""price"",TODAY()-320,TODAY()),1,0),""select Col2 limit 20""))"),55323.37000000001) -> 55323.37 | R30: ='NIFTY-BANKNIFTY'!F3 -> 57369.65 | S30: ='NIFTY-BANKNIFTY'!F8 -> 55858.243 | T30: ='NIFTY-BANKNIFTY'!F4 -> 54259.95 | V30: 60 days | W30: =MAX('NIFTY-BANKNIFTY'!P57:P117) -> 0.014329066 | X30: =MIN('NIFTY-BANKNIFTY'!P57:P117) -> -0.017513388 | AA30: =if((AD30="BUY"), (Z29/P30)) -> FALSE | AC30: =P30*A30 -> 837660
A32: 200 | B32: NSE:BRITANNIA | C32: =if(AND(O32>J32,P32>=R32),"SELL Today","Do Not SELL Today") -> Do Not SELL Today | D32: =if(AND(P32<S32,O32>J32,P32<=0.995*T32),"BUY Today","Do Not BUY Today") -> Do Not BUY Today | E32: ='BRITANIA-UNILEVER'!N2 -> 0.92419844 | F32: ='BRITANIA-UNILEVER'!N3 -> 0.85353658 | G32: ='BRITANIA-UNILEVER'!N4 -> 0.59761087 | H32: 30 DAYS | I32: ='BRITANIA-UNILEVER'!P2 -> 2.5919073 | J32: =Max('BRITANIA-UNILEVER'!Q2) -> 2.6684965 | K32: =Max('BRITANIA-UNILEVER'!R2) -> 2.5276923 | L32: ='BRITANIA-UNILEVER'!J130 -> -1.8073249 | M32: =MAX('BRITANIA-UNILEVER'!J11:J117) -> 2.3150285 | N32: =min('BRITANIA-UNILEVER'!J11:J117) -> -1.4519795 | O32: =P32/P33 -> 2.5155771 | P32: =IFERROR(__xludf.DUMMYFUNCTION("GOOGLEFINANCE(B32,""PRICE"")"),4764.0) -> 4764 | Q32: =IFERROR(__xludf.DUMMYFUNCTION("AVERAGE(QUERY(SORT(GOOGLEFINANCE(B32,""price"",TODAY()-320,TODAY()),1,0),""select Col2 limit 20""))"),4859.035000000001) -> 4859.035 | R32: ='BRITANIA-UNILEVER'!C3 -> 5101.5 | S32: ='BRITANIA-UNILEVER'!C8 -> 4948.1095 | T32: ='BRITANIA-UNILEVER'!C4 -> 4770 | U32: ='BRITANIA-UNILEVER'!P116 -> 0.012410799 | V32: 30 DAYS | W32: =MAX('BRITANIA-UNILEVER'!P87:P116) -> 0.035357141 | X32: =MIN('BRITANIA-UNILEVER'!P87:P116) -> -0.036407541 | Y32: =(P32*A32)/(P33*A33) -> 1.6770514 | Z32: =(A32*P32)-(A33*P33) -> 384660 | AA32: =if((AD32="BUY"), -(Z32/P32)) -> FALSE | AB32: =P32*A32 -> 952800 | AD32: =if( Z32<0,"Buy","Do Not buy") -> Do Not buy
A33: 300 | B33: NSE:HINDUNILVR | C33: =if(AND(O33>J33,P33>=R33),"SELL Today","Do Not SELL Today") -> Do Not SELL Today | D33: =if(AND(P33<S33,O33>J33,P33<=0.995*T33),"BUY Today","Do Not BUY Today") -> Do Not BUY Today | H33: 60 DAYS | I33: ='BRITANIA-UNILEVER'!P3 -> 2.5973517 | J33: =Max('BRITANIA-UNILEVER'!Q3) -> 2.7365487 | K33: =Max('BRITANIA-UNILEVER'!R3) -> 2.4760876 | O33: =P32/P33 -> 2.5155771 | P33: =IFERROR(__xludf.DUMMYFUNCTION("GOOGLEFINANCE(B33,""PRICE"")"),1893.8) -> 1893.8 | Q33: =IFERROR(__xludf.DUMMYFUNCTION("AVERAGE(QUERY(SORT(GOOGLEFINANCE(B33,""price"",TODAY()-320,TODAY()),1,0),""select Col2 limit 20""))"),1889.845) -> 1889.845 | R33: ='BRITANIA-UNILEVER'!F3 -> 1980 | S33: ='BRITANIA-UNILEVER'!F8 -> 1924.6524 | T33: ='BRITANIA-UNILEVER'!F4 -> 1836 | V33: 60 days | W33: =MAX('BRITANIA-UNILEVER'!P57:P116) -> 0.07944715 | X33: =MIN('BRITANIA-UNILEVER'!P57:P116) -> -0.036407541 | AA33: =if((AD33="BUY"), (Z32/P33)) -> FALSE | AC33: =P33*A33 -> 568140
A35: 100 | B35: NSE:BAJFINANCE | C35: =if(AND(O35>J35,P35>=R35),"SELL Today","Do Not SELL Today") -> Do Not SELL Today | D35: =if(AND(P35<S35,O35>J35,P35<=0.995*T35),"BUY Today","Do Not BUY Today") -> Do Not BUY Today | E35: ='BAJFINANCE-BAJFINSV'!N2 -> 0.95651131 | F35: ='BAJFINANCE-BAJFINSV'!N3 -> 0.93591475 | G35: ='BAJFINANCE-BAJFINSV'!N4 -> 0.9320949 | H35: 30 DAYS | I35: ='BAJFINANCE-BAJFINSV'!P2 -> 0.5455664 | J35: =Max('BAJFINANCE-BAJFINSV'!Q2) -> 0.56496074 | K35: =Max('BAJFINANCE-BAJFINSV'!R2) -> 0.52300841 | L35: ='BAJFINANCE-BAJFINSV'!J128 -> 2.0222575 | M35: =MAX('BAJFINANCE-BAJFINSV'!J11:J117) -> 1.6413371 | N35: =MIN('BAJFINANCE-BAJFINSV'!J11:J117) -> -2.0920613 | O35: =P35/P36 -> 0.56801619 | P35: =IFERROR(__xludf.DUMMYFUNCTION("GOOGLEFINANCE(B35,""PRICE"")"),982.1) -> 982.1 | Q35: =IFERROR(__xludf.DUMMYFUNCTION("AVERAGE(QUERY(SORT(GOOGLEFINANCE(B35,""price"",TODAY()-320,TODAY()),1,0),""select Col2 limit 20""))"),980.8124999999998) -> 980.8125 | R35: ='BAJFINANCE-BAJFINSV'!C3 -> 1060 | S35: ='BAJFINANCE-BAJFINSV'!C8 -> 1005.6071 | T35: ='BAJFINANCE-BAJFINSV'!C4 -> 948.3 | U35: ='BAJFINANCE-BAJFINSV'!P116 -> 0.0065439307 | V35: 30 DAYS | W35: =MAX('BAJFINANCE-BAJFINSV'!P87:P116) -> 0.042152363 | X35: =MIN('BAJFINANCE-BAJFINSV'!P87:P116) -> -0.034494464 | Y35: =(P35*A35)/(P36*A36) -> 0.11360324 | Z35: =(A35*P35)-(A36*P36) -> -766290 | AA35: =if((AD35="BUY"), -(Z35/P35)) -> 780.25659 | AB35: =P35*A35 -> 98210 | AD35: =if( Z35<0,"Buy","Do Not buy") -> Buy
A36: 500 | B36: NSE:BAJAJFINSV | C36: =if(AND(O36>J36,P36>=R36),"SELL Today","Do Not SELL Today") -> Do Not SELL Today | D36: =if(AND(P36<S36,O36>J36,P36<=0.995*T36),"BUY Today","Do Not BUY Today") -> Do Not BUY Today | H36: 60 DAYS | I36: ='BAJFINANCE-BAJFINSV'!P3 -> 0.54697694 | J36: =Max('BAJFINANCE-BAJFINSV'!Q3) -> 0.57158206 | K36: =Max('BAJFINANCE-BAJFINSV'!R3) -> 0.52300841 | O36: =P35/P36 -> 0.56801619 | P36: =IFERROR(__xludf.DUMMYFUNCTION("GOOGLEFINANCE(B36,""PRICE"")"),1729.0) -> 1729 | Q36: =IFERROR(__xludf.DUMMYFUNCTION("AVERAGE(QUERY(SORT(GOOGLEFINANCE(B36,""price"",TODAY()-320,TODAY()),1,0),""select Col2 limit 20""))"),1760.58) -> 1760.58 | R36: ='BAJFINANCE-BAJFINSV'!F3 -> 1940.5 | S36: ='BAJFINANCE-BAJFINSV'!F8 -> 1824.7619 | T36: ='BAJFINANCE-BAJFINSV'!F4 -> 1731 | V36: 60 days | W36: =MAX('BAJFINANCE-BAJFINSV'!P57:P116) -> 0.042152363 | X36: =MIN('BAJFINANCE-BAJFINSV'!P57:P116) -> -0.034494464 | AA36: =if((AD36="BUY"), (Z35/P36)) -> FALSE | AC36: =P36*A36 -> 864500
A38: 550 | B38: NSE:HDFCBANK | C38: =if(AND(O38>J38,P38>=R38),"SELL Today","Do Not SELL Today") -> Do Not SELL Today | D38: =if(AND(P38<S38,O38>J38,P38<=0.995*T38),"BUY Today","Do Not BUY Today") -> Do Not BUY Today | E38: ='HDFC-BANKNIFTY'!N2 -> -0.03060102 | F38: ='HDFC-BANKNIFTY'!N3 -> 0.42514756 | G38: ='HDFC-BANKNIFTY'!N4 -> 0.37817542 | H38: 30 DAYS | I38: ='HDFC-BANKNIFTY'!P2 -> 0.012714639 | J38: =Max('HDFC-BANKNIFTY'!Q2) -> 0.013319216 | K38: =Max('HDFC-BANKNIFTY'!R4) -> 0.012205228 | L38: ='HDFC-BANKNIFTY'!J128 -> 0.37271316 | M38: =MAX('HDFC-BANKNIFTY'!J11:J117) -> 2.0146355 | N38: =MIN('HDFC-BANKNIFTY'!J11:J117) -> -1.3478314 | O38: =P38/P39 -> 0.013051536 | P38: =IFERROR(__xludf.DUMMYFUNCTION("GOOGLEFINANCE(B38,""PRICE"")"),728.85) -> 728.85 | Q38: =IFERROR(__xludf.DUMMYFUNCTION("AVERAGE(QUERY(SORT(GOOGLEFINANCE(B38,""price"",TODAY()-320,TODAY()),1,0),""select Col2 limit 20""))"),719.315) -> 719.315 | R38: ='HDFC-BANKNIFTY'!C3 -> 739.5 | S38: ='HDFC-BANKNIFTY'!C8 -> 717.35952 | T38: ='HDFC-BANKNIFTY'!C4 -> 687.1 | U38: ='HDFC-BANKNIFTY'!P116 -> 0.033754805 | V38: 30 DAYS | W38: =MAX('HDFC-BANKNIFTY'!P87:P116) -> 0.045694837 | X38: =MIN('HDFC-BANKNIFTY'!P87:P116) -> -0.031481316 | Y38: =(P38*A38)/(P39*A39) -> 0.47855634 | Z38: =(A38*P38)-(A39*P39) -> -436792.5 | AA38: =if((AD38="BUY"), -(Z38/P38)) -> 599.28998 | AB38: =P38*A38 -> 400867.5 | AD38: =if( Z38<0,"Buy","Do Not buy") -> Buy
A39: 15 | B39: INDEXNSE:NIFTY_BANK | C39: =if(AND(O39>J39,P39>=R39),"SELL Today","Do Not SELL Today") -> Do Not SELL Today | D39: =if(AND(P39<S39,O39>J39,P39<=0.995*T39),"BUY Today","Do Not BUY Today") -> Do Not BUY Today | H39: 60 DAYS | I39: ='HDFC-BANKNIFTY'!P3 -> 0.012912383 | J39: =Max('HDFC-BANKNIFTY'!Q3) -> 0.014212029 | K39: =Max('HDFC-BANKNIFTY'!R3) -> 0.012205228 | O39: =P38/P39 -> 0.013051536 | P39: =IFERROR(__xludf.DUMMYFUNCTION("GOOGLEFINANCE(B39,""PRICE"")"),55844.0) -> 55844 | Q39: =IFERROR(__xludf.DUMMYFUNCTION("AVERAGE(QUERY(SORT(GOOGLEFINANCE(B39,""price"",TODAY()-320,TODAY()),1,0),""select Col2 limit 20""))"),55323.37000000001) -> 55323.37 | R39: ='HDFC-BANKNIFTY'!F3 -> 57369.65 | S39: ='HDFC-BANKNIFTY'!F8 -> 55858.243 | T39: ='HDFC-BANKNIFTY'!F4 -> 54259.95 | V39: 60 days | W39: =MAX('HDFC-BANKNIFTY'!P57:P116) -> 0.045694837 | X39: =MIN('HDFC-BANKNIFTY'!P57:P116) -> -0.064977788 | AA39: =if((AD39="BUY"), (Z38/P39)) -> FALSE | AC39: =P39*A39 -> 837660
A41: 2000 | B41: NSE:RECLTD | C41: =if(AND(O41>J41,P41>=R41),"SELL Today","Do Not SELL Today") -> Do Not SELL Today | D41: =if(AND(P41<S41,O41>J41,P41<=0.995*T41),"BUY Today","Do Not BUY Today") -> Do Not BUY Today | E41: ='REC-PFC'!N2 -> 0.89960058 | F41: ='REC-PFC'!N3 -> 0.98531788 | G41: ='REC-PFC'!N4 -> 0.90025081 | H41: 30 DAYS | I41: ='REC-PFC'!P2 -> 0.90403837 | J41: ='REC-PFC'!Q2 -> 0.96134404 | K41: ='REC-PFC'!R2 -> 0.88402458 | L41: ='REC-PFC'!J129 -> 1.3569929 | M41: ='REC-PFC'!K129 -> 0.92363091 | N41: =mIN('REC-PFC'!J11:J117) -> -1.9014783 | O41: =P41/P42 -> 0.92363091 | P41: =IFERROR(__xludf.DUMMYFUNCTION("GOOGLEFINANCE(B41,""PRICE"")"),307.8) -> 307.8 | Q41: =IFERROR(__xludf.DUMMYFUNCTION("AVERAGE(QUERY(SORT(GOOGLEFINANCE(B41,""price"",TODAY()-320,TODAY()),1,0),""select Col2 limit 20""))"),303.5675) -> 303.5675 | R41: ='REC-PFC'!C3 -> 318.7 | S41: ='REC-PFC'!C8 -> 307.89048 | T41: ='REC-PFC'!C4 -> 287.75 | U41: ='REC-PFC'!P116 -> 0.0036222877 | V41: 30 DAYS | W41: =MAX('REC-PFC'!P87:P116) -> 0.074976321 | X41: =MIN('REC-PFC'!P87:P116) -> -0.01923081 | Y41: =(P41*A41)/(P42*A42) -> 1.4209706 | Z41: =(A41*P41)-(A42*P42) -> 182375 | AA41: =if((AD41="BUY"), -(Z41/P41)) -> FALSE | AB41: =P41*A41 -> 615600 | AD41: =if( Z41<0,"Buy","Do Not buy") -> Do Not buy
A42: 1300 | B42: NSE:PFC | C42: =if(AND(O42>J42,P42>=R42),"SELL Today","Do Not SELL Today") -> Do Not SELL Today | D42: =if(AND(P42<S42,O42>J42,P42<=0.995*T42),"BUY Today","Do Not BUY Today") -> Do Not BUY Today | H42: 60 DAYS | I42: ='REC-PFC'!P3 -> 0.89326163 | J42: ='REC-PFC'!Q3 -> 0.96134404 | K42: ='REC-PFC'!R3 -> 0.86142002 | O42: =P41/P42 -> 0.92363091 | P42: =IFERROR(__xludf.DUMMYFUNCTION("GOOGLEFINANCE(B42,""PRICE"")"),333.25) -> 333.25 | Q42: =IFERROR(__xludf.DUMMYFUNCTION("AVERAGE(QUERY(SORT(GOOGLEFINANCE(B42,""price"",TODAY()-320,TODAY()),1,0),""select Col2 limit 20""))"),333.785) -> 333.785 | R42: ='REC-PFC'!F3 -> 355.9 | S42: ='REC-PFC'!F8 -> 340.75476 | T42: ='REC-PFC'!F4 -> 318 | V42: 60 days | W42: =MAX('REC-PFC'!P57:P116) -> 0.074976321 | X42: =MIN('REC-PFC'!P57:P116) -> -0.01923081 | AA42: =if((AD42="BUY"), (Z41/P42)) -> FALSE | AC42: =P42*A42 -> 433225
A44: 1375 | B44: NSE:IGL | C44: =if(AND(O44>J44,P44>=R44),"SELL Today","Do Not SELL Today") -> Do Not SELL Today | D44: =if(AND(P44<S44,O44>J44,P44<=0.995*T44),"BUY Today","Do Not BUY Today") -> Do Not BUY Today | E44: ='IGL-GAIL'!N2 -> 0.61435071 | F44: ='IGL-GAIL'!N3 -> 0.52428829 | G44: ='IGL-GAIL'!N4 -> -0.049324114 | H44: 30 DAYS | I44: ='IGL-GAIL'!P2 -> 0.85763047 | J44: ='IGL-GAIL'!Q2 -> 0.91141869 | K44: ='IGL-GAIL'!R2 -> 0.82159461 | L44: ='IGL-GAIL'!J128 -> -0.94482543 | M44: =MAX('IGL-GAIL'!J11:J117) -> 2.0773977 | N44: =MIN('IGL-GAIL'!J11:J117) -> -1.5346041 | O44: =P44/P45 -> 0.85086258 | P44: =IFERROR(__xludf.DUMMYFUNCTION("GOOGLEFINANCE(B44,""PRICE"")"),143.03) -> 143.03 | Q44: =IFERROR(__xludf.DUMMYFUNCTION("AVERAGE(QUERY(SORT(GOOGLEFINANCE(B44,""price"",TODAY()-320,TODAY()),1,0),""select Col2 limit 20""))"),144.67749999999998) -> 144.6775 | R44: ='IGL-GAIL'!C3 -> 154.8 | S44: ='IGL-GAIL'!C8 -> 147.62905 | T44: ='IGL-GAIL'!C4 -> 141.38 | U44: ='IGL-GAIL'!P116 -> -0.015179884 | V44: 30 DAYS | W44: =MAX('IGL-GAIL'!P87:P116) -> 0.050413852 | X44: =min('IGL-GAIL'!P87:P116) -> -0.038380652 | Y44: =(P44*A44)/(P45*A45) -> 0.25572373 | Z44: =(A44*P44)-(A45*P45) -> -572391.25 | AA44: =if((AD44="BUY"), -(Z44/P44)) -> 4001.8965 | AB44: =P44*A44 -> 196666.25 | AD44: =if( Z44<0,"Buy","Do Not buy") -> Buy
A45: 4575 | B45: NSE:GAIL | C45: =if(AND(O45>J45,P45>=R45),"SELL Today","Do Not SELL Today") -> Do Not SELL Today | D45: =if(AND(P45<S45,O45>J45,P45<=0.995*T45),"BUY Today","Do Not BUY Today") -> Do Not BUY Today | H45: 60 DAYS | I45: ='IGL-GAIL'!P3 -> 0.86633083 | J45: ='IGL-GAIL'!Q3 -> 0.91141869 | K45: ='IGL-GAIL'!R3 -> 0.82159461 | O45: =P44/P45 -> 0.85086258 | P45: =IFERROR(__xludf.DUMMYFUNCTION("GOOGLEFINANCE(B45,""PRICE"")"),168.1) -> 168.1 | Q45: =IFERROR(__xludf.DUMMYFUNCTION("AVERAGE(QUERY(SORT(GOOGLEFINANCE(B45,""price"",TODAY()-320,TODAY()),1,0),""select Col2 limit 20""))"),170.31799999999998) -> 170.318 | R45: ='IGL-GAIL'!F3 -> 176 | S45: ='IGL-GAIL'!F8 -> 172.38238 | T45: ='IGL-GAIL'!F4 -> 167.5 | V45: 60 days | W45: =MAX('IGL-GAIL'!P57:P116) -> 0.050413852 | X45: =min('IGL-GAIL'!P57:P116) -> -0.052650576 | AA45: =if((AD45="BUY"), (Z44/P45)) -> FALSE | AC45: =P45*A45 -> 769057.5
A47: 100 | B47: NSE:ALKEM | C47: =if(AND(O47>J47,P47>=R47),"SELL Today","Do Not SELL Today") -> Do Not SELL Today | D47: =if(AND(P47<S47,O47>J47,P47<=0.995*T47),"BUY Today","Do Not BUY Today") -> Do Not BUY Today | E47: ='ALKEM-AURO'!N2 -> 0.19933607 | F47: ='ALKEM-AURO'!N3 -> -0.712816 | G47: ='ALKEM-AURO'!N4 -> -0.20368985 | H47: 30 DAYS | I47: ='ALKEM-AURO'!P2 -> 3.143868 | J47: ='ALKEM-AURO'!Q2 -> 3.3271144 | K47: ='ALKEM-AURO'!R2 -> 3.0248985 | L47: ='ALKEM-AURO'!J129 -> -2.3456303 | M47: =MAX('ALKEM-AURO'!J11:J117) -> 1.8828849 | N47: =MIN('ALKEM-AURO'!J11:J117) -> -2.2242658 | O47: =P47/P48 -> 3.0295759 | P47: =IFERROR(__xludf.DUMMYFUNCTION("GOOGLEFINANCE(B47,""PRICE"")"),5050.0) -> 5050 | Q47: =IFERROR(__xludf.DUMMYFUNCTION("AVERAGE(QUERY(SORT(GOOGLEFINANCE(B47,""price"",TODAY()-320,TODAY()),1,0),""select Col2 limit 20""))"),5258.9) -> 5258.9 | R47: ='ALKEM-AURO'!C3 -> 5466.5 | S47: ='ALKEM-AURO'!C8 -> 5252.1667 | T47: ='ALKEM-AURO'!C4 -> 5087.5 | U47: ='ALKEM-AURO'!P116 -> -0.0017106531 | V47: 30 DAYS | W47: =MAX('IGL-GAIL'!P93:P129) -> 0.050413852 | X47: =min('IGL-GAIL'!P93:P129) -> -0.042409566 | Y47: =(P47*A47)/(P48*A48) -> 0.55083197 | Z47: =(A47*P47)-(A48*P48) -> -411795 | AA47: =if((AD47="BUY"), -(Z47/P47)) -> 81.543564 | AB47: =P47*A47 -> 505000 | AD47: =if( Z47<0,"Buy","Do Not buy") -> Buy
A48: 550 | B48: NSE:AUROPHARMA | C48: =if(AND(O48>J48,P48>=R48),"SELL Today","Do Not SELL Today") -> Do Not SELL Today | D48: =if(AND(P48<S48,O48>J48,P48<=0.995*T48),"BUY Today","Do Not BUY Today") -> Do Not BUY Today | H48: 60 DAYS | I48: ='ALKEM-AURO'!P3 -> 3.3292221 | J48: ='ALKEM-AURO'!Q3 -> 3.6899702 | K48: ='ALKEM-AURO'!R3 -> 3.0248985 | L48: ='ALKEM-AURO'!T4 | O48: =P47/P48 -> 3.0295759 | P48: =IFERROR(__xludf.DUMMYFUNCTION("GOOGLEFINANCE(B48,""PRICE"")"),1666.9) -> 1666.9 | Q48: =IFERROR(__xludf.DUMMYFUNCTION("AVERAGE(QUERY(SORT(GOOGLEFINANCE(B48,""price"",TODAY()-320,TODAY()),1,0),""select Col2 limit 20""))"),1691.39) -> 1691.39 | R48: ='ALKEM-AURO'!F3 -> 1734 | S48: ='ALKEM-AURO'!F8 -> 1689.6524 | T48: ='ALKEM-AURO'!F4 -> 1643 | V48: 60 days | W48: =MAX('IGL-GAIL'!P63:P129) -> 0.050413852 | X48: =min('IGL-GAIL'!P63:P129) -> -0.045579347 | AA48: =if((AD48="BUY"), (Z47/P48)) -> FALSE | AC48: =P48*A48 -> 916795
A50: 1320 | B50: NSE:BERGEPAINT | C50: =if(AND(O50>J50,P50>=R50),"SELL Today","Do Not SELL Today") -> Do Not SELL Today | D50: =if(AND(P50<S50,O50>J50,P50<=0.995*T50),"BUY Today","Do Not BUY Today") -> Do Not BUY Today | E50: ='BERGER-ASIAN'!N2 -> 0.91383629 | F50: ='BERGER-ASIAN'!N3 -> 0.88013683 | G50: ='BERGER-ASIAN'!N4 -> 0.83627741 | H50: 30 DAYS | I50: ='BERGER-ASIAN'!P2 -> 0.18936815 | J50: ='BERGER-ASIAN'!Q2 -> 0.19972527 | K50: ='BERGER-ASIAN'!R2 -> 0.18280359 | L50: ='BERGER-ASIAN'!J129 -> 2.9782147 | M50: =MAX('BERGER-ASIAN'!J11:J117) -> 2.3943339 | N50: =MIN('BERGER-ASIAN'!J11:J117) -> -1.8503781 | O50: =P50/P51 -> 0.20412539 | P50: =IFERROR(__xludf.DUMMYFUNCTION("GOOGLEFINANCE(B50,""PRICE"")"),476.0) -> 476 | Q50: =IFERROR(__xludf.DUMMYFUNCTION("AVERAGE(QUERY(SORT(GOOGLEFINANCE(B50,""price"",TODAY()-320,TODAY()),1,0),""select Col2 limit 20""))"),461.9374999999999) -> 461.9375 | R50: ='BERGER-ASIAN'!C3 -> 484.5 | S50: ='BERGER-ASIAN'!C8 -> 458.74048 | T50: ='BERGER-ASIAN'!C4 -> 447.1 | U50: ='BERGER-ASIAN'!P116 -> 0.031506242 | V50: 30 DAYS | W50: =MAX('IGL-GAIL'!P96:P127) -> 0.050413852 | X50: =min('IGL-GAIL'!P96:P127) -> -0.042409566 | Y50: =(P50*A50)/(P51*A51) -> 1.3472276 | Z50: =(A50*P50)-(A51*P51) -> 161940 | AA50: =if((AD50="BUY"), -(Z50/P50)) -> FALSE | AB50: =P50*A50 -> 628320 | AD50: =if( Z50<0,"Buy","Do Not buy") -> Do Not buy
A51: 200 | B51: NSE:ASIANPAINT | C51: =if(AND(O51>J51,P51>=R51),"SELL Today","Do Not SELL Today") -> Do Not SELL Today | D51: =if(AND(P51<S51,O51>J51,P51<=0.995*T51),"BUY Today","Do Not BUY Today") -> Do Not BUY Today | H51: 60 DAYS | I51: ='BERGER-ASIAN'!P3 -> 0.19081273 | J51: ='BERGER-ASIAN'!Q3 -> 0.20590473 | K51: ='BERGER-ASIAN'!R3 -> 0.18232147 | O51: =P50/P51 -> 0.20412539 | P51: =IFERROR(__xludf.DUMMYFUNCTION("GOOGLEFINANCE(B51,""PRICE"")"),2331.9) -> 2331.9 | Q51: =IFERROR(__xludf.DUMMYFUNCTION("AVERAGE(QUERY(SORT(GOOGLEFINANCE(B51,""price"",TODAY()-320,TODAY()),1,0),""select Col2 limit 20""))"),2391.15) -> 2391.15 | R51: ='BERGER-ASIAN'!F3 -> 2500.9 | S51: ='BERGER-ASIAN'!F8 -> 2435.9143 | T51: ='BERGER-ASIAN'!F4 -> 2366 | V51: 60 days | W51: =MAX('IGL-GAIL'!P66:P127) -> 0.050413852 | X51: =min('IGL-GAIL'!P66:P127) -> -0.045579347 | AA51: =if((AD51="BUY"), (Z50/P51)) -> FALSE | AC51: =P51*A51 -> 466380
A53: 1250 | B53: MCX:NAURALGAS1 | C53: =if(AND(O53>J53,P53>=R53),"SELL Today","Do Not SELL Today") -> Do Not SELL Today | D53: =if(AND(P53<S53,O53>J53,P53<=0.995*T53),"BUY Today","Do Not BUY Today") -> Do Not BUY Today | E53: ='Natural Gas -Crude'!M2 -> -0.54013102 | F53: ='Natural Gas -Crude'!M3 -> 0.29795846 | G53: ='Natural Gas -Crude'!M4 -> 0.26282713 | H53: 30 DAYS | I53: ='Natural Gas -Crude'!O2 -> 0.029799831 | J53: ='Natural Gas -Crude'!P2 -> 0.03470201 | K53: ='Natural Gas -Crude'!Q2 -> 0.025190597 | L53: ='Natural Gas -Crude'!J18 -> -0.10481902 | M53: =max('Natural Gas -Crude'!J18:J129) -> 0.11155457 | N53: =min('Natural Gas -Crude'!J18:J129) -> -0.16158744 | O53: ='Natural Gas -Crude'!H18 -> 0.033050127 | P53: ='Natural Gas -Crude'!B18 -> 194.5 | Q53: ='Natural Gas -Crude'!B1 -> 182.98571 | R53: ='Natural Gas -Crude'!B3 -> 200.3 | S53: ='Natural Gas -Crude'!B8 -> 182.98571 | T53: ='Natural Gas -Crude'!B4 -> 158.6 | U53: ='IGL-GAIL'!P119 -> -0.0080369584 | V53: 30 DAYS | W53: =MAX('IGL-GAIL'!P90:P119) -> 0.050413852 | X53: =min('IGL-GAIL'!P90:P119) -> -0.042409566 | Y53: =(P53*A53)/(P54*A54) -> 0.41312659 | Z53: =(A53*P53)-(A54*P54) -> -345375 | AA53: =if((AD53="BUY"), -(Z53/P53)) -> 1775.7069 | AB53: =P53*A53 -> 243125 | AD53: =if( Z53<0,"Buy","Do Not buy") -> Buy
A54: 100 | B54: MCX:CRUDE | C54: =if(AND(O54>J54,P54>=R54),"SELL Today","Do Not SELL Today") -> Do Not SELL Today | D54: =if(AND(P54<S54,O54>J54,P54<=0.995*T54),"BUY Today","Do Not BUY Today") -> Do Not BUY Today | H54: 60 DAYS | I54: ='IGL-GAIL'!P6 | J54: ='IGL-GAIL'!Q6 | K54: ='IGL-GAIL'!R6 | O54: ='Natural Gas -Crude'!H19 -> 0.032860007 | P54: ='Natural Gas -Crude'!E18 -> 5885 | Q54: ='Natural Gas -Crude'!E1 -> 6029.619 | R54: ='Natural Gas -Crude'!E3 -> 6483 | S54: ='Natural Gas -Crude'!E8 -> 6029.619 | T54: ='Natural Gas -Crude'!E4 -> 5537 | V54: 60 days | W54: =MAX('IGL-GAIL'!P60:P119) -> 0.050413852 | X54: =min('IGL-GAIL'!P60:P119) -> -0.052650576 | AA54: =if((AD54="BUY"), (Z53/P54)) -> FALSE | AC54: =P54*A54 -> 588500
A56: 2925 | B56: NSE:BANKBARODA | C56: =if(AND(O56>J56,P56>=R56),"SELL Today","Do Not SELL Today") -> Do Not SELL Today | D56: =if(AND(P56<S56,O56>J56,P56<=0.995*T56),"BUY Today","Do Not BUY Today") -> Do Not BUY Today | E56: ='BOB-CANARA'!N2 -> 0.92320067 | F56: ='BOB-CANARA'!N3 -> 0.80295328 | G56: ='BOB-CANARA'!N4 -> 0.76486162 | H56: 30 DAYS | I56: ='BOB-CANARA'!P2 -> 1.8944958 | J56: ='BOB-CANARA'!Q2 -> 1.9302579 | K56: ='BOB-CANARA'!R2 -> 1.8610008 | L56: ='BOB-CANARA'!J130 -> -1.0485888 | M56: =MAX('BOB-CANARA'!J17:J132) -> 2.1785716 | N56: =MIN('BOB-CANARA'!J17:J132) -> -1.4825066 | O56: =P56/P57 -> 1.9477555 | P56: =IFERROR(__xludf.DUMMYFUNCTION("GOOGLEFINANCE(B56,""PRICE"")"),230.4) -> 230.4 | Q56: =IFERROR(__xludf.DUMMYFUNCTION("AVERAGE(QUERY(SORT(GOOGLEFINANCE(B56,""price"",TODAY()-320,TODAY()),1,0),""select Col2 limit 20""))"),232.85100000000003) -> 232.851 | R56: ='BOB-CANARA'!C3 -> 241.2 | S56: ='BOB-CANARA'!C8 -> 234.76095 | T56: ='BOB-CANARA'!C4 -> 227.5 | U56: ='BOB-CANARA'!P116 -> 0.0046448021 | V56: 30 DAYS | W56: =MAX('IGL-GAIL'!P102:P135) -> 0.026278242 | X56: =min('IGL-GAIL'!P102:P135) -> -0.042409566 | Y56: =(P56*A56)/(P57*A57) -> 0.84402739 | Z56: =(A56*P56)-(A57*P57) -> -124537.5 | AA56: =if((AD56="BUY"), -(Z56/P56)) -> 540.52734 | AB56: =P56*A56 -> 673920 | AD56: =if( Z56<0,"Buy","Do Not buy") -> Buy
A57: 6750 | B57: NSE:CANBK | C57: =if(AND(O57>J57,P57>=R57),"SELL Today","Do Not SELL Today") -> Do Not SELL Today | D57: =if(AND(P57<S57,O57>J57,P57<=0.995*T57),"BUY Today","Do Not BUY Today") -> Do Not BUY Today | H57: 60 DAYS | I57: ='BOB-CANARA'!P3 -> 1.913475 | J57: ='BOB-CANARA'!Q3 -> 1.9847297 | K57: ='BOB-CANARA'!R3 -> 1.8610008 | O57: =P56/P57 -> 1.9477555 | P57: =IFERROR(__xludf.DUMMYFUNCTION("GOOGLEFINANCE(B57,""PRICE"")"),118.29) -> 118.29 | Q57: =IFERROR(__xludf.DUMMYFUNCTION("AVERAGE(QUERY(SORT(GOOGLEFINANCE(B57,""price"",TODAY()-320,TODAY()),1,0),""select Col2 limit 20""))"),120.8315) -> 120.8315 | R57: ='BOB-CANARA'!F3 -> 126.3 | S57: ='BOB-CANARA'!F8 -> 123.50762 | T57: ='BOB-CANARA'!F4 -> 118.36 | V57: 60 days | W57: =MAX('IGL-GAIL'!P72:P135) -> 0.050413852 | X57: =min('IGL-GAIL'!P72:P135) -> -0.045579347 | AA57: =if((AD57="BUY"), (Z56/P57)) -> FALSE | AC57: =P57*A57 -> 798457.5
A59: 2925 | B59: NSE:COALINDIA | C59: =if(AND(O59>J59,P59>=R59),"SELL Today","Do Not SELL Today") -> Do Not SELL Today | D59: =if(AND(P59<S59,O59>J59,P59<=0.995*T59),"BUY Today","Do Not BUY Today") -> Do Not BUY Today | E59: ='COAL-GAIL'!N2 -> 0.012743309 | F59: ='COAL-GAIL'!N3 -> -0.075781314 | G59: ='COAL-GAIL'!N4 -> -0.32217201 | H59: 30 DAYS | I59: ='COAL-GAIL'!P2 -> 2.4106723 | J59: ='COAL-GAIL'!Q2 -> 2.5098507 | K59: ='COAL-GAIL'!R2 -> 2.2633803 | L59: ='COAL-GAIL'!J130 -> -0.53048541 | M59: =mAX('COAL-GAIL'!J17:J132) -> 2.0354067 | N59: =mIN('COAL-GAIL'!J17:J132) -> -1.5114457 | O59: =P59/P60 -> 2.481856 | P59: =IFERROR(__xludf.DUMMYFUNCTION("GOOGLEFINANCE(B59,""PRICE"")"),417.2) -> 417.2 | Q59: =IFERROR(__xludf.DUMMYFUNCTION("AVERAGE(QUERY(SORT(GOOGLEFINANCE(B59,""price"",TODAY()-320,TODAY()),1,0),""select Col2 limit 20""))"),417.7900000000001) -> 417.79 | R59: ='COAL-GAIL'!C3 -> 432 | S59: ='COAL-GAIL'!C8 -> 421.82143 | T59: ='COAL-GAIL'!C4 -> 409.9 | U59: ='COAL-GAIL'!P116 -> 0.0057662063 | V59: 30 DAYS | W59: =MAX('IGL-GAIL'!P105:P138) -> 0.026278242 | X59: =min('IGL-GAIL'!P105:P138) -> -0.042409566 | Y59: =(P59*A59)/(P60*A60) -> 1.0754709 | Z59: =(A59*P59)-(A60*P60) -> 85635 | AA59: =if((AD59="BUY"), -(Z59/P59)) -> FALSE | AB59: =P59*A59 -> 1220310 | AD59: =if( Z59<0,"Buy","Do Not buy") -> Do Not buy
A60: 6750 | B60: NSE:GAIL | C60: =if(AND(O60>J60,P60>=R60),"SELL Today","Do Not SELL Today") -> Do Not SELL Today | D60: =if(AND(P60<S60,O60>J60,P60<=0.995*T60),"BUY Today","Do Not BUY Today") -> Do Not BUY Today | H60: 60 DAYS | I60: ='COAL-GAIL'!P3 -> 2.4072494 | J60: ='COAL-GAIL'!Q3 -> 2.5138219 | K60: ='COAL-GAIL'!R3 -> 2.2633803 | O60: =P59/P60 -> 2.481856 | P60: =IFERROR(__xludf.DUMMYFUNCTION("GOOGLEFINANCE(B60,""PRICE"")"),168.1) -> 168.1 | Q60: =IFERROR(__xludf.DUMMYFUNCTION("AVERAGE(QUERY(SORT(GOOGLEFINANCE(B60,""price"",TODAY()-320,TODAY()),1,0),""select Col2 limit 20""))"),170.31799999999998) -> 170.318 | R60: ='COAL-GAIL'!F3 -> 176 | S60: ='COAL-GAIL'!F8 -> 172.51048 | T60: ='COAL-GAIL'!F4 -> 167.5 | V60: 60 days | W60: =MAX('IGL-GAIL'!P75:P138) -> 0.050413852 | X60: =min('IGL-GAIL'!P75:P138) -> -0.042409566 | AA60: =if((AD60="BUY"), (Z59/P60)) -> FALSE | AC60: =P60*A60 -> 1134675

Sheet INDICES
A1: =IFERROR(__xludf.DUMMYFUNCTION("GOOGLEFINANCE(B3,""TRADETIME"")"),46311.6466087963) -> 46311.647 | S1: 0.46597222
A2: INDICES | B2: CODE | C2: CURRENT PRICE | D2: CHANGE | E2: CHANGE% | F2: OPEN | G2: HIGH | H2: LOW | O2: =C3*9 -> 208315.35 | Q2: sell | R2: 19684 | S2: 18 | T2: =C3 -> 23146.15 | U2: =R2-T2 -> -3462.15 | V2: =U2*S2*50 -> -3115935
A3: NIFTY 50 | B3: INDEXNSE:NIFTY_50 | C3: =IFERROR(__xludf.DUMMYFUNCTION("GOOGLEFINANCE(B3, ""PRICE"")"),23146.15) -> 23146.15 | D3: =IFERROR(__xludf.DUMMYFUNCTION("GOOGLEFINANCE(B3, ""CHANGE"")"),148.8) -> 148.8 | E3: =IFERROR(__xludf.DUMMYFUNCTION("GOOGLEFINANCE(B3, ""CHANGEPCT"")"),0.65) -> 0.65 | F3: =IFERROR(__xludf.DUMMYFUNCTION("GOOGLEFINANCE(B3, ""PRICEOPEN"")"),23065.1) -> 23065.1 | G3: =IFERROR(__xludf.DUMMYFUNCTION("GOOGLEFINANCE(B3, ""HIGH"")"),23149.85) -> 23149.85 | H3: =IFERROR(__xludf.DUMMYFUNCTION("GOOGLEFINANCE(B3, ""LOW"")"),22913.8) -> 22913.8 | O3: =C4*4 -> 223376 | Q3: buy | R3: 44698 | S3: 8 | T3: =C4 -> 55844 | U3: =T3-R3 -> 11146 | V3: =U3*S3*15 -> 1337520
A4: BANKNIFTY | B4: INDEXNSE:NIFTY_BANK | C4: =IFERROR(__xludf.DUMMYFUNCTION("GOOGLEFINANCE(B4, ""PRICE"")"),55844.0) -> 55844 | D4: =IFERROR(__xludf.DUMMYFUNCTION("GOOGLEFINANCE(B4, ""CHANGE"")"),33.5) -> 33.5 | E4: =IFERROR(__xludf.DUMMYFUNCTION("GOOGLEFINANCE(B4, ""CHANGEPCT"")"),0.06) -> 0.06 | F4: =IFERROR(__xludf.DUMMYFUNCTION("GOOGLEFINANCE(B4, ""PRICEOPEN"")"),55927.15) -> 55927.15 | G4: =IFERROR(__xludf.DUMMYFUNCTION("GOOGLEFINANCE(B4, ""HIGH"")"),55989.55) -> 55989.55 | H4: =IFERROR(__xludf.DUMMYFUNCTION("GOOGLEFINANCE(B4, ""LOW"")"),55526.3) -> 55526.3 | V4: =V2+V3 -> -1778415
A5: RELIANCE | B5: NSE:RELIANCE | C5: =IFERROR(__xludf.DUMMYFUNCTION("GOOGLEFINANCE(B5, ""PRICE"")"),1211.2) -> 1211.2 | D5: =IFERROR(__xludf.DUMMYFUNCTION("GOOGLEFINANCE(B5, ""CHANGE"")"),-3.8) -> -3.8 | E5: =IFERROR(__xludf.DUMMYFUNCTION("GOOGLEFINANCE(B5, ""CHANGEPCT"")"),-0.31) -> -0.31 | F5: =IFERROR(__xludf.DUMMYFUNCTION("GOOGLEFINANCE(B5, ""PRICEOPEN"")"),1215.0) -> 1215 | G5: =IFERROR(__xludf.DUMMYFUNCTION("GOOGLEFINANCE(B5, ""HIGH"")"),1215.4) -> 1215.4 | H5: =IFERROR(__xludf.DUMMYFUNCTION("GOOGLEFINANCE(B5, ""LOW"")"),1193.0) -> 1193
A6: HDFCBANK | B6: NSE:HDFCBANK | C6: =IFERROR(__xludf.DUMMYFUNCTION("GOOGLEFINANCE(B6, ""PRICE"")"),728.85) -> 728.85 | D6: =IFERROR(__xludf.DUMMYFUNCTION("GOOGLEFINANCE(B6, ""CHANGE"")"),2.0) -> 2 | E6: =IFERROR(__xludf.DUMMYFUNCTION("GOOGLEFINANCE(B6, ""CHANGEPCT"")"),0.28) -> 0.28 | F6: =IFERROR(__xludf.DUMMYFUNCTION("GOOGLEFINANCE(B6, ""PRICEOPEN"")"),727.9) -> 727.9 | G6: =IFERROR(__xludf.DUMMYFUNCTION("GOOGLEFINANCE(B6, ""HIGH"")"),734.9) -> 734.9 | H6: =IFERROR(__xludf.DUMMYFUNCTION("GOOGLEFINANCE(B6, ""LOW"")"),724.3) -> 724.3 | L6: NIFTY
K7: CURRENT | L7: =C3 -> 23146.15
A8: NIFTY | B8: =IFERROR(__xludf.DUMMYFUNCTION("GOOGLEFINANCE(""INDEXNSE:NIFTY_50"",""price"",TODAY()-120,TODAY())"),"Date") -> Date | C8: =IFERROR(__xludf.DUMMYFUNCTION("""COMPUTED_VALUE"""),"Close") -> Close | J8: -2SD | K8: -1SD | L8: MEAN | M8: 1SD | N8: 2SD | P8: SBIN | Q8: =IFERROR(__xludf.DUMMYFUNCTION("GOOGLEFINANCE(""NSE:SBIN"",""price"",TODAY()-121,TODAY())"),"Date") -> Date | R8: =IFERROR(__xludf.DUMMYFUNCTION("""COMPUTED_VALUE"""),"Close") -> Close
B9: =IFERROR(__xludf.DUMMYFUNCTION("""COMPUTED_VALUE"""),46192.64583333333) -> 46192.646 | C9: =IFERROR(__xludf.DUMMYFUNCTION("""COMPUTED_VALUE"""),24013.1) -> 24013.1 | F9: SMA 20 | G9: =AVERAGE(C72:C91) -> 22840.88 | H9: SD | I9: =STDEV(C72:C91) -> 369.594 | J9: =L9-2*I9 -> 22101.692 | K9: =L9-I9 -> 22471.286 | L9: =G9 -> 22840.88 | M9: =L9+I9 -> 23210.474 | N9: =L9+I9*2 -> 23580.068 | Q9: =IFERROR(__xludf.DUMMYFUNCTION("""COMPUTED_VALUE"""),46191.64583333333) -> 46191.646 | R9: =IFERROR(__xludf.DUMMYFUNCTION("""COMPUTED_VALUE"""),1042.7) -> 1042.7 | T9: Neutrality | U9: =C3*S2 -> 416630.7 | V9: =U9/U10 -> 0.93257713
B10: =IFERROR(__xludf.DUMMYFUNCTION("""COMPUTED_VALUE"""),46195.64583333333) -> 46195.646 | C10: =IFERROR(__xludf.DUMMYFUNCTION("""COMPUTED_VALUE"""),24102.9) -> 24102.9 | D10: =if(C10>C9,"UP","DOWN") -> UP | F10: SMA 10 | G10: =AVERAGE(C82:C91) -> 22653.865 | H10: SD | I10: =STDEV(C82:C91) -> 273.54073 | Q10: =IFERROR(__xludf.DUMMYFUNCTION("""COMPUTED_VALUE"""),46192.64583333333) -> 46192.646 | R10: =IFERROR(__xludf.DUMMYFUNCTION("""COMPUTED_VALUE"""),1035.1) -> 1035.1 | S10: =if(R10>R9,"UP","DOWN") -> DOWN | U10: =C4*S3 -> 446752
B11: =IFERROR(__xludf.DUMMYFUNCTION("""COMPUTED_VALUE"""),46196.64583333333) -> 46196.646 | C11: =IFERROR(__xludf.DUMMYFUNCTION("""COMPUTED_VALUE"""),23824.1) -> 23824.1 | D11: =if(C11>C10,"UP","DOWN") -> DOWN | Q11: =IFERROR(__xludf.DUMMYFUNCTION("""COMPUTED_VALUE"""),46195.64583333333) -> 46195.646 | R11: =IFERROR(__xludf.DUMMYFUNCTION("""COMPUTED_VALUE"""),1040.75) -> 1040.75 | S11: =if(R11>R10,"UP","DOWN") -> UP
B12: =IFERROR(__xludf.DUMMYFUNCTION("""COMPUTED_VALUE"""),46197.64583333333) -> 46197.646 | C12: =IFERROR(__xludf.DUMMYFUNCTION("""COMPUTED_VALUE"""),24021.65) -> 24021.65 | D12: =if(C12>C11,"UP","DOWN") -> UP | L12: BANK NIFTY | Q12: =IFERROR(__xludf.DUMMYFUNCTION("""COMPUTED_VALUE"""),46196.64583333333) -> 46196.646 | R12: =IFERROR(__xludf.DUMMYFUNCTION("""COMPUTED_VALUE"""),1024.2) -> 1024.2 | S12: =if(R12>R11,"UP","DOWN") -> DOWN
B13: =IFERROR(__xludf.DUMMYFUNCTION("""COMPUTED_VALUE"""),46198.64583333333) -> 46198.646 | C13: =IFERROR(__xludf.DUMMYFUNCTION("""COMPUTED_VALUE"""),24056.0) -> 24056 | D13: =if(C13>C12,"UP","DOWN") -> UP | K13: CURRENT | L13: =C4 -> 55844 | Q13: =IFERROR(__xludf.DUMMYFUNCTION("""COMPUTED_VALUE"""),46197.64583333333) -> 46197.646 | R13: =IFERROR(__xludf.DUMMYFUNCTION("""COMPUTED_VALUE"""),1034.6) -> 1034.6 | S13: =if(R13>R12,"UP","DOWN") -> UP
B14: =IFERROR(__xludf.DUMMYFUNCTION("""COMPUTED_VALUE"""),46202.64583333333) -> 46202.646 | C14: =IFERROR(__xludf.DUMMYFUNCTION("""COMPUTED_VALUE"""),23946.25) -> 23946.25 | D14: =if(C14>C13,"UP","DOWN") -> DOWN | J14: -2SD | K14: -1SD | L14: MEAN | M14: 1SD | N14: 2SD | Q14: =IFERROR(__xludf.DUMMYFUNCTION("""COMPUTED_VALUE"""),46198.64583333333) -> 46198.646 | R14: =IFERROR(__xludf.DUMMYFUNCTION("""COMPUTED_VALUE"""),1045.4) -> 1045.4 | S14: =if(R14>R13,"UP","DOWN") -> UP
B15: =IFERROR(__xludf.DUMMYFUNCTION("""COMPUTED_VALUE"""),46203.64583333333) -> 46203.646 | C15: =IFERROR(__xludf.DUMMYFUNCTION("""COMPUTED_VALUE"""),23865.75) -> 23865.75 | D15: =if(C15>C14,"UP","DOWN") -> DOWN | F15: SMA 20 | G15: =AVERAGE(C158:C177) -> 55333.957 | H15: SD | I15: =STDEV(C158:C177) -> 723.99274 | J15: =L15-2*I15 -> 53885.972 | K15: =L15-I15 -> 54609.965 | L15: =G15 -> 55333.957 | M15: =L15+I15 -> 56057.95 | N15: =L15+I15*2 -> 56781.943 | Q15: =IFERROR(__xludf.DUMMYFUNCTION("""COMPUTED_VALUE"""),46202.64583333333) -> 46202.646 | R15: =IFERROR(__xludf.DUMMYFUNCTION("""COMPUTED_VALUE"""),1036.1) -> 1036.1 | S15: =if(R15>R14,"UP","DOWN") -> DOWN
B16: =IFERROR(__xludf.DUMMYFUNCTION("""COMPUTED_VALUE"""),46204.64583333333) -> 46204.646 | C16: =IFERROR(__xludf.DUMMYFUNCTION("""COMPUTED_VALUE"""),24005.85) -> 24005.85 | D16: =if(C16>C15,"UP","DOWN") -> UP | F16: SMA 10 | G16: =AVERAGE(C168:C177) -> 55064.605 | H16: SD | I16: =STDEV(C168:C177) -> 429.10679 | Q16: =IFERROR(__xludf.DUMMYFUNCTION("""COMPUTED_VALUE"""),46203.64583333333) -> 46203.646 | R16: =IFERROR(__xludf.DUMMYFUNCTION("""COMPUTED_VALUE"""),1026.9) -> 1026.9 | S16: =if(R16>R15,"UP","DOWN") -> DOWN
B17: =IFERROR(__xludf.DUMMYFUNCTION("""COMPUTED_VALUE"""),46205.64583333333) -> 46205.646 | C17: =IFERROR(__xludf.DUMMYFUNCTION("""COMPUTED_VALUE"""),24175.7) -> 24175.7 | D17: =if(C17>C16,"UP","DOWN") -> UP | Q17: =IFERROR(__xludf.DUMMYFUNCTION("""COMPUTED_VALUE"""),46204.64583333333) -> 46204.646 | R17: =IFERROR(__xludf.DUMMYFUNCTION("""COMPUTED_VALUE"""),1047.4) -> 1047.4 | S17: =if(R17>R16,"UP","DOWN") -> UP
B18: =IFERROR(__xludf.DUMMYFUNCTION("""COMPUTED_VALUE"""),46206.64583333333) -> 46206.646 | C18: =IFERROR(__xludf.DUMMYFUNCTION("""COMPUTED_VALUE"""),24270.85) -> 24270.85 | D18: =if(C18>C17,"UP","DOWN") -> UP | Q18: =IFERROR(__xludf.DUMMYFUNCTION("""COMPUTED_VALUE"""),46205.64583333333) -> 46205.646 | R18: =IFERROR(__xludf.DUMMYFUNCTION("""COMPUTED_VALUE"""),1051.6) -> 1051.6 | S18: =if(R18>R17,"UP","DOWN") -> UP
B19: =IFERROR(__xludf.DUMMYFUNCTION("""COMPUTED_VALUE"""),46209.64583333333) -> 46209.646 | C19: =IFERROR(__xludf.DUMMYFUNCTION("""COMPUTED_VALUE"""),24430.35) -> 24430.35 | D19: =if(C19>C18,"UP","DOWN") -> UP | L19: SBIN | Q19: =IFERROR(__xludf.DUMMYFUNCTION("""COMPUTED_VALUE"""),46206.64583333333) -> 46206.646 | R19: =IFERROR(__xludf.DUMMYFUNCTION("""COMPUTED_VALUE"""),1040.0) -> 1040 | S19: =if(R19>R18,"UP","DOWN") -> DOWN
B20: =IFERROR(__xludf.DUMMYFUNCTION("""COMPUTED_VALUE"""),46210.64583333333) -> 46210.646 | C20: =IFERROR(__xludf.DUMMYFUNCTION("""COMPUTED_VALUE"""),24398.7) -> 24398.7 | D20: =if(C20>C19,"UP","DOWN") -> DOWN | K20: CURRENT | L20: =C5 -> 1211.2 | Q20: =IFERROR(__xludf.DUMMYFUNCTION("""COMPUTED_VALUE"""),46209.64583333333) -> 46209.646 | R20: =IFERROR(__xludf.DUMMYFUNCTION("""COMPUTED_VALUE"""),1037.7) -> 1037.7 | S20: =if(R20>R19,"UP","DOWN") -> DOWN
B21: =IFERROR(__xludf.DUMMYFUNCTION("""COMPUTED_VALUE"""),46211.64583333333) -> 46211.646 | C21: =IFERROR(__xludf.DUMMYFUNCTION("""COMPUTED_VALUE"""),23882.05) -> 23882.05 | D21: =if(C21>C20,"UP","DOWN") -> DOWN | J21: -2SD | K21: -1SD | L21: MEAN | M21: 1SD | N21: 2SD | Q21: =IFERROR(__xludf.DUMMYFUNCTION("""COMPUTED_VALUE"""),46210.64583333333) -> 46210.646 | R21: =IFERROR(__xludf.DUMMYFUNCTION("""COMPUTED_VALUE"""),1038.1) -> 1038.1 | S21: =if(R21>R20,"UP","DOWN") -> UP
B22: =IFERROR(__xludf.DUMMYFUNCTION("""COMPUTED_VALUE"""),46212.64583333333) -> 46212.646 | C22: =IFERROR(__xludf.DUMMYFUNCTION("""COMPUTED_VALUE"""),23962.8) -> 23962.8 | D22: =if(C22>C21,"UP","DOWN") -> UP | F22: SMA 20 | G22: =AVERAGE(R72:R91) -> 967.3275 | H22: SD | I22: =STDEV(R72:R91) -> 17.798399 | J22: =L22-2*I22 -> 931.7307 | K22: =L22-I22 -> 949.5291 | L22: =G22 -> 967.3275 | M22: =L22+I22 -> 985.1259 | N22: =L22+I22*2 -> 1002.9243 | Q22: =IFERROR(__xludf.DUMMYFUNCTION("""COMPUTED_VALUE"""),46211.64583333333) -> 46211.646 | R22: =IFERROR(__xludf.DUMMYFUNCTION("""COMPUTED_VALUE"""),1016.9) -> 1016.9 | S22: =if(R22>R21,"UP","DOWN") -> DOWN
B23: =IFERROR(__xludf.DUMMYFUNCTION("""COMPUTED_VALUE"""),46213.64583333333) -> 46213.646 | C23: =IFERROR(__xludf.DUMMYFUNCTION("""COMPUTED_VALUE"""),24206.9) -> 24206.9 | D23: =if(C23>C22,"UP","DOWN") -> UP | F23: SMA 10 | G23: =AVERAGE(R82:R91) -> 953.685 | H23: SD | I23: =STDEV(R82:R91) -> 7.2602437 | Q23: =IFERROR(__xludf.DUMMYFUNCTION("""COMPUTED_VALUE"""),46212.64583333333) -> 46212.646 | R23: =IFERROR(__xludf.DUMMYFUNCTION("""COMPUTED_VALUE"""),1022.1) -> 1022.1 | S23: =if(R23>R22,"UP","DOWN") -> UP
B24: =IFERROR(__xludf.DUMMYFUNCTION("""COMPUTED_VALUE"""),46216.64583333333) -> 46216.646 | C24: =IFERROR(__xludf.DUMMYFUNCTION("""COMPUTED_VALUE"""),24211.0) -> 24211 | D24: =if(C24>C23,"UP","DOWN") -> UP | Q24: =IFERROR(__xludf.DUMMYFUNCTION("""COMPUTED_VALUE"""),46213.64583333333) -> 46213.646 | R24: =IFERROR(__xludf.DUMMYFUNCTION("""COMPUTED_VALUE"""),1036.0) -> 1036 | S24: =if(R24>R23,"UP","DOWN") -> UP
B25: =IFERROR(__xludf.DUMMYFUNCTION("""COMPUTED_VALUE"""),46217.64583333333) -> 46217.646 | C25: =IFERROR(__xludf.DUMMYFUNCTION("""COMPUTED_VALUE"""),24052.05) -> 24052.05 | D25: =if(C25>C24,"UP","DOWN") -> DOWN | Q25: =IFERROR(__xludf.DUMMYFUNCTION("""COMPUTED_VALUE"""),46216.64583333333) -> 46216.646 | R25: =IFERROR(__xludf.DUMMYFUNCTION("""COMPUTED_VALUE"""),1037.0) -> 1037 | S25: =if(R25>R24,"UP","DOWN") -> UP
B26: =IFERROR(__xludf.DUMMYFUNCTION("""COMPUTED_VALUE"""),46218.64583333333) -> 46218.646 | C26: =IFERROR(__xludf.DUMMYFUNCTION("""COMPUTED_VALUE"""),24078.5) -> 24078.5 | D26: =if(C26>C25,"UP","DOWN") -> UP | Q26: =IFERROR(__xludf.DUMMYFUNCTION("""COMPUTED_VALUE"""),46217.64583333333) -> 46217.646 | R26: =IFERROR(__xludf.DUMMYFUNCTION("""COMPUTED_VALUE"""),1015.4) -> 1015.4 | S26: =if(R26>R25,"UP","DOWN") -> DOWN
B27: =IFERROR(__xludf.DUMMYFUNCTION("""COMPUTED_VALUE"""),46219.64583333333) -> 46219.646 | C27: =IFERROR(__xludf.DUMMYFUNCTION("""COMPUTED_VALUE"""),24072.75) -> 24072.75 | D27: =if(C27>C26,"UP","DOWN") -> DOWN | Q27: =IFERROR(__xludf.DUMMYFUNCTION("""COMPUTED_VALUE"""),46218.64583333333) -> 46218.646 | R27: =IFERROR(__xludf.DUMMYFUNCTION("""COMPUTED_VALUE"""),1030.1) -> 1030.1 | S27: =if(R27>R26,"UP","DOWN") -> UP
B28: =IFERROR(__xludf.DUMMYFUNCTION("""COMPUTED_VALUE"""),46220.64583333333) -> 46220.646 | C28: =IFERROR(__xludf.DUMMYFUNCTION("""COMPUTED_VALUE"""),24334.3) -> 24334.3 | D28: =if(C28>C27,"UP","DOWN") -> UP | Q28: =IFERROR(__xludf.DUMMYFUNCTION("""COMPUTED_VALUE"""),46219.64583333333) -> 46219.646 | R28: =IFERROR(__xludf.DUMMYFUNCTION("""COMPUTED_VALUE"""),1031.2) -> 1031.2 | S28: =if(R28>R27,"UP","DOWN") -> UP
B29: =IFERROR(__xludf.DUMMYFUNCTION("""COMPUTED_VALUE"""),46223.64583333333) -> 46223.646 | C29: =IFERROR(__xludf.DUMMYFUNCTION("""COMPUTED_VALUE"""),24238.5) -> 24238.5 | D29: =if(C29>C28,"UP","DOWN") -> DOWN | Q29: =IFERROR(__xludf.DUMMYFUNCTION("""COMPUTED_VALUE"""),46220.64583333333) -> 46220.646 | R29: =IFERROR(__xludf.DUMMYFUNCTION("""COMPUTED_VALUE"""),1044.3) -> 1044.3 | S29: =if(R29>R28,"UP","DOWN") -> UP
B30: =IFERROR(__xludf.DUMMYFUNCTION("""COMPUTED_VALUE"""),46224.64583333333) -> 46224.646 | C30: =IFERROR(__xludf.DUMMYFUNCTION("""COMPUTED_VALUE"""),24187.7) -> 24187.7 | D30: =if(C30>C29,"UP","DOWN") -> DOWN | Q30: =IFERROR(__xludf.DUMMYFUNCTION("""COMPUTED_VALUE"""),46223.64583333333) -> 46223.646 | R30: =IFERROR(__xludf.DUMMYFUNCTION("""COMPUTED_VALUE"""),1060.0) -> 1060 | S30: =if(R30>R29,"UP","DOWN") -> UP
B31: =IFERROR(__xludf.DUMMYFUNCTION("""COMPUTED_VALUE"""),46225.64583333333) -> 46225.646 | C31: =IFERROR(__xludf.DUMMYFUNCTION("""COMPUTED_VALUE"""),23996.25) -> 23996.25 | D31: =if(C31>C30,"UP","DOWN") -> DOWN | Q31: =IFERROR(__xludf.DUMMYFUNCTION("""COMPUTED_VALUE"""),46224.64583333333) -> 46224.646 | R31: =IFERROR(__xludf.DUMMYFUNCTION("""COMPUTED_VALUE"""),1044.4) -> 1044.4 | S31: =if(R31>R30,"UP","DOWN") -> DOWN
B32: =IFERROR(__xludf.DUMMYFUNCTION("""COMPUTED_VALUE"""),46226.64583333333) -> 46226.646 | C32: =IFERROR(__xludf.DUMMYFUNCTION("""COMPUTED_VALUE"""),23869.6) -> 23869.6 | D32: =if(C32>C31,"UP","DOWN") -> DOWN | Q32: =IFERROR(__xludf.DUMMYFUNCTION("""COMPUTED_VALUE"""),46225.64583333333) -> 46225.646 | R32: =IFERROR(__xludf.DUMMYFUNCTION("""COMPUTED_VALUE"""),1025.0) -> 1025 | S32: =if(R32>R31,"UP","DOWN") -> DOWN
B33: =IFERROR(__xludf.DUMMYFUNCTION("""COMPUTED_VALUE"""),46227.64583333333) -> 46227.646 | C33: =IFERROR(__xludf.DUMMYFUNCTION("""COMPUTED_VALUE"""),23767.45) -> 23767.45 | D33: =if(C33>C32,"UP","DOWN") -> DOWN | Q33: =IFERROR(__xludf.DUMMYFUNCTION("""COMPUTED_VALUE"""),46226.64583333333) -> 46226.646 | R33: =IFERROR(__xludf.DUMMYFUNCTION("""COMPUTED_VALUE"""),1012.6) -> 1012.6 | S33: =if(R33>R32,"UP","DOWN") -> DOWN
B34: =IFERROR(__xludf.DUMMYFUNCTION("""COMPUTED_VALUE"""),46230.64583333333) -> 46230.646 | C34: =IFERROR(__xludf.DUMMYFUNCTION("""COMPUTED_VALUE"""),23995.95) -> 23995.95 | D34: =if(C34>C33,"UP","DOWN") -> UP | Q34: =IFERROR(__xludf.DUMMYFUNCTION("""COMPUTED_VALUE"""),46227.64583333333) -> 46227.646 | R34: =IFERROR(__xludf.DUMMYFUNCTION("""COMPUTED_VALUE"""),1015.0) -> 1015 | S34: =if(R34>R33,"UP","DOWN") -> UP
B35: =IFERROR(__xludf.DUMMYFUNCTION("""COMPUTED_VALUE"""),46231.64583333333) -> 46231.646 | C35: =IFERROR(__xludf.DUMMYFUNCTION("""COMPUTED_VALUE"""),23985.35) -> 23985.35 | D35: =if(C35>C34,"UP","DOWN") -> DOWN | Q35: =IFERROR(__xludf.DUMMYFUNCTION("""COMPUTED_VALUE"""),46230.64583333333) -> 46230.646 | R35: =IFERROR(__xludf.DUMMYFUNCTION("""COMPUTED_VALUE"""),1020.6) -> 1020.6 | S35: =if(R35>R34,"UP","DOWN") -> UP
B36: =IFERROR(__xludf.DUMMYFUNCTION("""COMPUTED_VALUE"""),46232.64583333333) -> 46232.646 | C36: =IFERROR(__xludf.DUMMYFUNCTION("""COMPUTED_VALUE"""),24250.2) -> 24250.2 | D36: =if(C36>C35,"UP","DOWN") -> UP | Q36: =IFERROR(__xludf.DUMMYFUNCTION("""COMPUTED_VALUE"""),46231.64583333333) -> 46231.646 | R36: =IFERROR(__xludf.DUMMYFUNCTION("""COMPUTED_VALUE"""),1013.2) -> 1013.2 | S36: =if(R36>R35,"UP","DOWN") -> DOWN
B37: =IFERROR(__xludf.DUMMYFUNCTION("""COMPUTED_VALUE"""),46233.64583333333) -> 46233.646 | C37: =IFERROR(__xludf.DUMMYFUNCTION("""COMPUTED_VALUE"""),24317.15) -> 24317.15 | D37: =if(C37>C36,"UP","DOWN") -> UP | Q37: =IFERROR(__xludf.DUMMYFUNCTION("""COMPUTED_VALUE"""),46232.64583333333) -> 46232.646 | R37: =IFERROR(__xludf.DUMMYFUNCTION("""COMPUTED_VALUE"""),1013.7) -> 1013.7 | S37: =if(R37>R36,"UP","DOWN") -> UP
B38: =IFERROR(__xludf.DUMMYFUNCTION("""COMPUTED_VALUE"""),46234.64583333333) -> 46234.646 | C38: =IFERROR(__xludf.DUMMYFUNCTION("""COMPUTED_VALUE"""),24383.6) -> 24383.6 | D38: =if(C38>C37,"UP","DOWN") -> UP | Q38: =IFERROR(__xludf.DUMMYFUNCTION("""COMPUTED_VALUE"""),46233.64583333333) -> 46233.646 | R38: =IFERROR(__xludf.DUMMYFUNCTION("""COMPUTED_VALUE"""),1025.3) -> 1025.3 | S38: =if(R38>R37,"UP","DOWN") -> UP
B39: =IFERROR(__xludf.DUMMYFUNCTION("""COMPUTED_VALUE"""),46237.64583333333) -> 46237.646 | C39: =IFERROR(__xludf.DUMMYFUNCTION("""COMPUTED_VALUE"""),24774.3) -> 24774.3 | D39: =if(C39>C38,"UP","DOWN") -> UP | Q39: =IFERROR(__xludf.DUMMYFUNCTION("""COMPUTED_VALUE"""),46234.64583333333) -> 46234.646 | R39: =IFERROR(__xludf.DUMMYFUNCTION("""COMPUTED_VALUE"""),1027.4) -> 1027.4 | S39: =if(R39>R38,"UP","DOWN") -> UP
B40: =IFERROR(__xludf.DUMMYFUNCTION("""COMPUTED_VALUE"""),46238.64583333333) -> 46238.646 | C40: =IFERROR(__xludf.DUMMYFUNCTION("""COMPUTED_VALUE"""),24614.9) -> 24614.9 | D40: =if(C40>C39,"UP","DOWN") -> DOWN | Q40: =IFERROR(__xludf.DUMMYFUNCTION("""COMPUTED_VALUE"""),46237.64583333333) -> 46237.646 | R40: =IFERROR(__xludf.DUMMYFUNCTION("""COMPUTED_VALUE"""),1045.0) -> 1045 | S40: =if(R40>R39,"UP","DOWN") -> UP
B41: =IFERROR(__xludf.DUMMYFUNCTION("""COMPUTED_VALUE"""),46239.64583333333) -> 46239.646 | C41: =IFERROR(__xludf.DUMMYFUNCTION("""COMPUTED_VALUE"""),24624.65) -> 24624.65 | D41: =if(C41>C40,"UP","DOWN") -> UP | Q41: =IFERROR(__xludf.DUMMYFUNCTION("""COMPUTED_VALUE"""),46238.64583333333) -> 46238.646 | R41: =IFERROR(__xludf.DUMMYFUNCTION("""COMPUTED_VALUE"""),1042.7) -> 1042.7 | S41: =if(R41>R40,"UP","DOWN") -> DOWN
B42: =IFERROR(__xludf.DUMMYFUNCTION("""COMPUTED_VALUE"""),46240.64583333333) -> 46240.646 | C42: =IFERROR(__xludf.DUMMYFUNCTION("""COMPUTED_VALUE"""),24636.0) -> 24636 | D42: =if(C42>C41,"UP","DOWN") -> UP | Q42: =IFERROR(__xludf.DUMMYFUNCTION("""COMPUTED_VALUE"""),46239.64583333333) -> 46239.646 | R42: =IFERROR(__xludf.DUMMYFUNCTION("""COMPUTED_VALUE"""),1055.0) -> 1055 | S42: =if(R42>R41,"UP","DOWN") -> UP
B43: =IFERROR(__xludf.DUMMYFUNCTION("""COMPUTED_VALUE"""),46241.64583333333) -> 46241.646 | C43: =IFERROR(__xludf.DUMMYFUNCTION("""COMPUTED_VALUE"""),24570.65) -> 24570.65 | D43: =if(C43>C42,"UP","DOWN") -> DOWN | Q43: =IFERROR(__xludf.DUMMYFUNCTION("""COMPUTED_VALUE"""),46240.64583333333) -> 46240.646 | R43: =IFERROR(__xludf.DUMMYFUNCTION("""COMPUTED_VALUE"""),1085.0) -> 1085 | S43: =if(R43>R42,"UP","DOWN") -> UP
B44: =IFERROR(__xludf.DUMMYFUNCTION("""COMPUTED_VALUE"""),46244.64583333333) -> 46244.646 | C44: =IFERROR(__xludf.DUMMYFUNCTION("""COMPUTED_VALUE"""),24583.8) -> 24583.8 | D44: =if(C44>C43,"UP","DOWN") -> UP | Q44: =IFERROR(__xludf.DUMMYFUNCTION("""COMPUTED_VALUE"""),46241.64583333333) -> 46241.646 | R44: =IFERROR(__xludf.DUMMYFUNCTION("""COMPUTED_VALUE"""),1097.2) -> 1097.2 | S44: =if(R44>R43,"UP","DOWN") -> UP
B45: =IFERROR(__xludf.DUMMYFUNCTION("""COMPUTED_VALUE"""),46245.64583333333) -> 46245.646 | C45: =IFERROR(__xludf.DUMMYFUNCTION("""COMPUTED_VALUE"""),24471.7) -> 24471.7 | D45: =if(C45>C44,"UP","DOWN") -> DOWN | Q45: =IFERROR(__xludf.DUMMYFUNCTION("""COMPUTED_VALUE"""),46244.64583333333) -> 46244.646 | R45: =IFERROR(__xludf.DUMMYFUNCTION("""COMPUTED_VALUE"""),1071.0) -> 1071 | S45: =if(R45>R44,"UP","DOWN") -> DOWN
B46: =IFERROR(__xludf.DUMMYFUNCTION("""COMPUTED_VALUE"""),46246.64583333333) -> 46246.646 | C46: =IFERROR(__xludf.DUMMYFUNCTION("""COMPUTED_VALUE"""),24435.95) -> 24435.95 | D46: =if(C46>C45,"UP","DOWN") -> DOWN | Q46: =IFERROR(__xludf.DUMMYFUNCTION("""COMPUTED_VALUE"""),46245.64583333333) -> 46245.646 | R46: =IFERROR(__xludf.DUMMYFUNCTION("""COMPUTED_VALUE"""),1066.0) -> 1066 | S46: =if(R46>R45,"UP","DOWN") -> DOWN
B47: =IFERROR(__xludf.DUMMYFUNCTION("""COMPUTED_VALUE"""),46247.64583333333) -> 46247.646 | C47: =IFERROR(__xludf.DUMMYFUNCTION("""COMPUTED_VALUE"""),24395.85) -> 24395.85 | D47: =if(C47>C46,"UP","DOWN") -> DOWN | Q47: =IFERROR(__xludf.DUMMYFUNCTION("""COMPUTED_VALUE"""),46246.64583333333) -> 46246.646 | R47: =IFERROR(__xludf.DUMMYFUNCTION("""COMPUTED_VALUE"""),1082.0) -> 1082 | S47: =if(R47>R46,"UP","DOWN") -> UP
B48: =IFERROR(__xludf.DUMMYFUNCTION("""COMPUTED_VALUE"""),46248.64583333333) -> 46248.646 | C48: =IFERROR(__xludf.DUMMYFUNCTION("""COMPUTED_VALUE"""),24366.0) -> 24366 | D48: =if(C48>C47,"UP","DOWN") -> DOWN | Q48: =IFERROR(__xludf.DUMMYFUNCTION("""COMPUTED_VALUE"""),46247.64583333333) -> 46247.646 | R48: =IFERROR(__xludf.DUMMYFUNCTION("""COMPUTED_VALUE"""),1083.0) -> 1083 | S48: =if(R48>R47,"UP","DOWN") -> UP
B49: =IFERROR(__xludf.DUMMYFUNCTION("""COMPUTED_VALUE"""),46251.64583333333) -> 46251.646 | C49: =IFERROR(__xludf.DUMMYFUNCTION("""COMPUTED_VALUE"""),24287.65) -> 24287.65 | D49: =if(C49>C48,"UP","DOWN") -> DOWN | Q49: =IFERROR(__xludf.DUMMYFUNCTION("""COMPUTED_VALUE"""),46248.64583333333) -> 46248.646 | R49: =IFERROR(__xludf.DUMMYFUNCTION("""COMPUTED_VALUE"""),1067.7) -> 1067.7 | S49: =if(R49>R48,"UP","DOWN") -> DOWN
B50: =IFERROR(__xludf.DUMMYFUNCTION("""COMPUTED_VALUE"""),46252.64583333333) -> 46252.646 | C50: =IFERROR(__xludf.DUMMYFUNCTION("""COMPUTED_VALUE"""),24154.9) -> 24154.9 | D50: =if(C50>C49,"UP","DOWN") -> DOWN | Q50: =IFERROR(__xludf.DUMMYFUNCTION("""COMPUTED_VALUE"""),46251.64583333333) -> 46251.646 | R50: =IFERROR(__xludf.DUMMYFUNCTION("""COMPUTED_VALUE"""),1061.2) -> 1061.2 | S50: =if(R50>R49,"UP","DOWN") -> DOWN
B51: =IFERROR(__xludf.DUMMYFUNCTION("""COMPUTED_VALUE"""),46253.64583333333) -> 46253.646 | C51: =IFERROR(__xludf.DUMMYFUNCTION("""COMPUTED_VALUE"""),24078.3) -> 24078.3 | D51: =if(C51>C50,"UP","DOWN") -> DOWN | Q51: =IFERROR(__xludf.DUMMYFUNCTION("""COMPUTED_VALUE"""),46252.64583333333) -> 46252.646 | R51: =IFERROR(__xludf.DUMMYFUNCTION("""COMPUTED_VALUE"""),1053.0) -> 1053 | S51: =if(R51>R50,"UP","DOWN") -> DOWN
B52: =IFERROR(__xludf.DUMMYFUNCTION("""COMPUTED_VALUE"""),46254.64583333333) -> 46254.646 | C52: =IFERROR(__xludf.DUMMYFUNCTION("""COMPUTED_VALUE"""),24231.85) -> 24231.85 | D52: =if(C52>C51,"UP","DOWN") -> UP | Q52: =IFERROR(__xludf.DUMMYFUNCTION("""COMPUTED_VALUE"""),46253.64583333333) -> 46253.646 | R52: =IFERROR(__xludf.DUMMYFUNCTION("""COMPUTED_VALUE"""),1048.6) -> 1048.6 | S52: =if(R52>R51,"UP","DOWN") -> DOWN
B53: =IFERROR(__xludf.DUMMYFUNCTION("""COMPUTED_VALUE"""),46255.64583333333) -> 46255.646 | C53: =IFERROR(__xludf.DUMMYFUNCTION("""COMPUTED_VALUE"""),24252.0) -> 24252 | D53: =if(C53>C52,"UP","DOWN") -> UP | Q53: =IFERROR(__xludf.DUMMYFUNCTION("""COMPUTED_VALUE"""),46254.64583333333) -> 46254.646 | R53: =IFERROR(__xludf.DUMMYFUNCTION("""COMPUTED_VALUE"""),1048.0) -> 1048 | S53: =if(R53>R52,"UP","DOWN") -> DOWN
B54: =IFERROR(__xludf.DUMMYFUNCTION("""COMPUTED_VALUE"""),46258.64583333333) -> 46258.646 | C54: =IFERROR(__xludf.DUMMYFUNCTION("""COMPUTED_VALUE"""),24219.05) -> 24219.05 | D54: =if(C54>C53,"UP","DOWN") -> DOWN | Q54: =IFERROR(__xludf.DUMMYFUNCTION("""COMPUTED_VALUE"""),46255.64583333333) -> 46255.646 | R54: =IFERROR(__xludf.DUMMYFUNCTION("""COMPUTED_VALUE"""),1048.7) -> 1048.7 | S54: =if(R54>R53,"UP","DOWN") -> UP
B55: =IFERROR(__xludf.DUMMYFUNCTION("""COMPUTED_VALUE"""),46259.64583333333) -> 46259.646 | C55: =IFERROR(__xludf.DUMMYFUNCTION("""COMPUTED_VALUE"""),24334.55) -> 24334.55 | D55: =if(C55>C54,"UP","DOWN") -> UP | Q55: =IFERROR(__xludf.DUMMYFUNCTION("""COMPUTED_VALUE"""),46258.64583333333) -> 46258.646 | R55: =IFERROR(__xludf.DUMMYFUNCTION("""COMPUTED_VALUE"""),1039.5) -> 1039.5 | S55: =if(R55>R54,"UP","DOWN") -> DOWN
B56: =IFERROR(__xludf.DUMMYFUNCTION("""COMPUTED_VALUE"""),46260.64583333333) -> 46260.646 | C56: =IFERROR(__xludf.DUMMYFUNCTION("""COMPUTED_VALUE"""),24207.75) -> 24207.75 | D56: =if(C56>C55,"UP","DOWN") -> DOWN | Q56: =IFERROR(__xludf.DUMMYFUNCTION("""COMPUTED_VALUE"""),46259.64583333333) -> 46259.646 | R56: =IFERROR(__xludf.DUMMYFUNCTION("""COMPUTED_VALUE"""),1048.0) -> 1048 | S56: =if(R56>R55,"UP","DOWN") -> UP
B57: =IFERROR(__xludf.DUMMYFUNCTION("""COMPUTED_VALUE"""),46261.64583333333) -> 46261.646 | C57: =IFERROR(__xludf.DUMMYFUNCTION("""COMPUTED_VALUE"""),24090.85) -> 24090.85 | D57: =if(C57>C56,"UP","DOWN") -> DOWN | Q57: =IFERROR(__xludf.DUMMYFUNCTION("""COMPUTED_VALUE"""),46260.64583333333) -> 46260.646 | R57: =IFERROR(__xludf.DUMMYFUNCTION("""COMPUTED_VALUE"""),1052.0) -> 1052 | S57: =if(R57>R56,"UP","DOWN") -> UP
B58: =IFERROR(__xludf.DUMMYFUNCTION("""COMPUTED_VALUE"""),46262.64583333333) -> 46262.646 | C58: =IFERROR(__xludf.DUMMYFUNCTION("""COMPUTED_VALUE"""),24175.65) -> 24175.65 | D58: =if(C58>C57,"UP","DOWN") -> UP | Q58: =IFERROR(__xludf.DUMMYFUNCTION("""COMPUTED_VALUE"""),46261.64583333333) -> 46261.646 | R58: =IFERROR(__xludf.DUMMYFUNCTION("""COMPUTED_VALUE"""),1042.9) -> 1042.9 | S58: =if(R58>R57,"UP","DOWN") -> DOWN
B59: =IFERROR(__xludf.DUMMYFUNCTION("""COMPUTED_VALUE"""),46265.64583333333) -> 46265.646 | C59: =IFERROR(__xludf.DUMMYFUNCTION("""COMPUTED_VALUE"""),24080.4) -> 24080.4 | D59: =if(C59>C58,"UP","DOWN") -> DOWN | Q59: =IFERROR(__xludf.DUMMYFUNCTION("""COMPUTED_VALUE"""),46262.64583333333) -> 46262.646 | R59: =IFERROR(__xludf.DUMMYFUNCTION("""COMPUTED_VALUE"""),1047.5) -> 1047.5 | S59: =if(R59>R58,"UP","DOWN") -> UP
B60: =IFERROR(__xludf.DUMMYFUNCTION("""COMPUTED_VALUE"""),46266.64583333333) -> 46266.646 | C60: =IFERROR(__xludf.DUMMYFUNCTION("""COMPUTED_VALUE"""),24055.8) -> 24055.8 | D60: =if(C60>C59,"UP","DOWN") -> DOWN | Q60: =IFERROR(__xludf.DUMMYFUNCTION("""COMPUTED_VALUE"""),46265.64583333333) -> 46265.646 | R60: =IFERROR(__xludf.DUMMYFUNCTION("""COMPUTED_VALUE"""),1060.0) -> 1060 | S60: =if(R60>R59,"UP","DOWN") -> UP
B61: =IFERROR(__xludf.DUMMYFUNCTION("""COMPUTED_VALUE"""),46267.64583333333) -> 46267.646 | C61: =IFERROR(__xludf.DUMMYFUNCTION("""COMPUTED_VALUE"""),23914.45) -> 23914.45 | D61: =if(C61>C60,"UP","DOWN") -> DOWN | Q61: =IFERROR(__xludf.DUMMYFUNCTION("""COMPUTED_VALUE"""),46266.64583333333) -> 46266.646 | R61: =IFERROR(__xludf.DUMMYFUNCTION("""COMPUTED_VALUE"""),1034.5) -> 1034.5 | S61: =if(R61>R60,"UP","DOWN") -> DOWN
B62: =IFERROR(__xludf.DUMMYFUNCTION("""COMPUTED_VALUE"""),46268.64583333333) -> 46268.646 | C62: =IFERROR(__xludf.DUMMYFUNCTION("""COMPUTED_VALUE"""),23873.45) -> 23873.45 | D62: =if(C62>C61,"UP","DOWN") -> DOWN | Q62: =IFERROR(__xludf.DUMMYFUNCTION("""COMPUTED_VALUE"""),46267.64583333333) -> 46267.646 | R62: =IFERROR(__xludf.DUMMYFUNCTION("""COMPUTED_VALUE"""),1020.9) -> 1020.9 | S62: =if(R62>R61,"UP","DOWN") -> DOWN
B63: =IFERROR(__xludf.DUMMYFUNCTION("""COMPUTED_VALUE"""),46269.64583333333) -> 46269.646 | C63: =IFERROR(__xludf.DUMMYFUNCTION("""COMPUTED_VALUE"""),23897.7) -> 23897.7 | D63: =if(C63>C62,"UP","DOWN") -> UP | Q63: =IFERROR(__xludf.DUMMYFUNCTION("""COMPUTED_VALUE"""),46268.64583333333) -> 46268.646 | R63: =IFERROR(__xludf.DUMMYFUNCTION("""COMPUTED_VALUE"""),1023.4) -> 1023.4 | S63: =if(R63>R62,"UP","DOWN") -> UP
B64: =IFERROR(__xludf.DUMMYFUNCTION("""COMPUTED_VALUE"""),46272.64583333333) -> 46272.646 | C64: =IFERROR(__xludf.DUMMYFUNCTION("""COMPUTED_VALUE"""),23779.15) -> 23779.15 | D64: =if(C64>C63,"UP","DOWN") -> DOWN | Q64: =IFERROR(__xludf.DUMMYFUNCTION("""COMPUTED_VALUE"""),46269.64583333333) -> 46269.646 | R64: =IFERROR(__xludf.DUMMYFUNCTION("""COMPUTED_VALUE"""),1016.1) -> 1016.1 | S64: =if(R64>R63,"UP","DOWN") -> DOWN
B65: =IFERROR(__xludf.DUMMYFUNCTION("""COMPUTED_VALUE"""),46273.64583333333) -> 46273.646 | C65: =IFERROR(__xludf.DUMMYFUNCTION("""COMPUTED_VALUE"""),23635.1) -> 23635.1 | D65: =if(C65>C64,"UP","DOWN") -> DOWN | Q65: =IFERROR(__xludf.DUMMYFUNCTION("""COMPUTED_VALUE"""),46272.64583333333) -> 46272.646 | R65: =IFERROR(__xludf.DUMMYFUNCTION("""COMPUTED_VALUE"""),1005.9) -> 1005.9 | S65: =if(R65>R64,"UP","DOWN") -> DOWN
B66: =IFERROR(__xludf.DUMMYFUNCTION("""COMPUTED_VALUE"""),46274.64583333333) -> 46274.646 | C66: =IFERROR(__xludf.DUMMYFUNCTION("""COMPUTED_VALUE"""),23431.5) -> 23431.5 | D66: =if(C66>C65,"UP","DOWN") -> DOWN | Q66: =IFERROR(__xludf.DUMMYFUNCTION("""COMPUTED_VALUE"""),46273.64583333333) -> 46273.646 | R66: =IFERROR(__xludf.DUMMYFUNCTION("""COMPUTED_VALUE"""),1008.0) -> 1008 | S66: =if(R66>R65,"UP","DOWN") -> UP
B67: =IFERROR(__xludf.DUMMYFUNCTION("""COMPUTED_VALUE"""),46275.64583333333) -> 46275.646 | C67: =IFERROR(__xludf.DUMMYFUNCTION("""COMPUTED_VALUE"""),23477.8) -> 23477.8 | D67: =if(C67>C66,"UP","DOWN") -> UP | Q67: =IFERROR(__xludf.DUMMYFUNCTION("""COMPUTED_VALUE"""),46274.64583333333) -> 46274.646 | R67: =IFERROR(__xludf.DUMMYFUNCTION("""COMPUTED_VALUE"""),1000.5) -> 1000.5 | S67: =if(R67>R66,"UP","DOWN") -> DOWN
B68: =IFERROR(__xludf.DUMMYFUNCTION("""COMPUTED_VALUE"""),46276.64583333333) -> 46276.646 | C68: =IFERROR(__xludf.DUMMYFUNCTION("""COMPUTED_VALUE"""),23398.1) -> 23398.1 | D68: =if(C68>C67,"UP","DOWN") -> DOWN | Q68: =IFERROR(__xludf.DUMMYFUNCTION("""COMPUTED_VALUE"""),46275.64583333333) -> 46275.646 | R68: =IFERROR(__xludf.DUMMYFUNCTION("""COMPUTED_VALUE"""),1009.7) -> 1009.7 | S68: =if(R68>R67,"UP","DOWN") -> UP
B69: =IFERROR(__xludf.DUMMYFUNCTION("""COMPUTED_VALUE"""),46280.64583333333) -> 46280.646 | C69: =IFERROR(__xludf.DUMMYFUNCTION("""COMPUTED_VALUE"""),23118.6) -> 23118.6 | D69: =if(C69>C68,"UP","DOWN") -> DOWN | Q69: =IFERROR(__xludf.DUMMYFUNCTION("""COMPUTED_VALUE"""),46276.64583333333) -> 46276.646 | R69: =IFERROR(__xludf.DUMMYFUNCTION("""COMPUTED_VALUE"""),995.7) -> 995.7 | S69: =if(R69>R68,"UP","DOWN") -> DOWN
B70: =IFERROR(__xludf.DUMMYFUNCTION("""COMPUTED_VALUE"""),46281.64583333333) -> 46281.646 | C70: =IFERROR(__xludf.DUMMYFUNCTION("""COMPUTED_VALUE"""),23217.6) -> 23217.6 | D70: =if(C70>C69,"UP","DOWN") -> UP | Q70: =IFERROR(__xludf.DUMMYFUNCTION("""COMPUTED_VALUE"""),46280.64583333333) -> 46280.646 | R70: =IFERROR(__xludf.DUMMYFUNCTION("""COMPUTED_VALUE"""),968.0) -> 968 | S70: =if(R70>R69,"UP","DOWN") -> DOWN
B71: =IFERROR(__xludf.DUMMYFUNCTION("""COMPUTED_VALUE"""),46282.64583333333) -> 46282.646 | C71: =IFERROR(__xludf.DUMMYFUNCTION("""COMPUTED_VALUE"""),23270.6) -> 23270.6 | D71: =if(C71>C70,"UP","DOWN") -> UP | Q71: =IFERROR(__xludf.DUMMYFUNCTION("""COMPUTED_VALUE"""),46281.64583333333) -> 46281.646 | R71: =IFERROR(__xludf.DUMMYFUNCTION("""COMPUTED_VALUE"""),991.4) -> 991.4 | S71: =if(R71>R70,"UP","DOWN") -> UP
B72: =IFERROR(__xludf.DUMMYFUNCTION("""COMPUTED_VALUE"""),46283.64583333333) -> 46283.646 | C72: =IFERROR(__xludf.DUMMYFUNCTION("""COMPUTED_VALUE"""),23346.4) -> 23346.4 | D72: =if(C72>C71,"UP","DOWN") -> UP | Q72: =IFERROR(__xludf.DUMMYFUNCTION("""COMPUTED_VALUE"""),46282.64583333333) -> 46282.646 | R72: =IFERROR(__xludf.DUMMYFUNCTION("""COMPUTED_VALUE"""),988.7) -> 988.7 | S72: =if(R72>R71,"UP","DOWN") -> DOWN
B73: =IFERROR(__xludf.DUMMYFUNCTION("""COMPUTED_VALUE"""),46286.64583333333) -> 46286.646 | C73: =IFERROR(__xludf.DUMMYFUNCTION("""COMPUTED_VALUE"""),23414.3) -> 23414.3 | D73: =if(C73>C72,"UP","DOWN") -> UP | Q73: =IFERROR(__xludf.DUMMYFUNCTION("""COMPUTED_VALUE"""),46283.64583333333) -> 46283.646 | R73: =IFERROR(__xludf.DUMMYFUNCTION("""COMPUTED_VALUE"""),996.2) -> 996.2 | S73: =if(R73>R72,"UP","DOWN") -> UP
B74: =IFERROR(__xludf.DUMMYFUNCTION("""COMPUTED_VALUE"""),46287.64583333333) -> 46287.646 | C74: =IFERROR(__xludf.DUMMYFUNCTION("""COMPUTED_VALUE"""),23329.0) -> 23329 | D74: =if(C74>C73,"UP","DOWN") -> DOWN | Q74: =IFERROR(__xludf.DUMMYFUNCTION("""COMPUTED_VALUE"""),46286.64583333333) -> 46286.646 | R74: =IFERROR(__xludf.DUMMYFUNCTION("""COMPUTED_VALUE"""),996.0) -> 996 | S74: =if(R74>R73,"UP","DOWN") -> DOWN
B75: =IFERROR(__xludf.DUMMYFUNCTION("""COMPUTED_VALUE"""),46288.64583333333) -> 46288.646 | C75: =IFERROR(__xludf.DUMMYFUNCTION("""COMPUTED_VALUE"""),23446.8) -> 23446.8 | D75: =if(C75>C74,"UP","DOWN") -> UP | Q75: =IFERROR(__xludf.DUMMYFUNCTION("""COMPUTED_VALUE"""),46287.64583333333) -> 46287.646 | R75: =IFERROR(__xludf.DUMMYFUNCTION("""COMPUTED_VALUE"""),987.0) -> 987 | S75: =if(R75>R74,"UP","DOWN") -> DOWN
B76: =IFERROR(__xludf.DUMMYFUNCTION("""COMPUTED_VALUE"""),46289.64583333333) -> 46289.646 | C76: =IFERROR(__xludf.DUMMYFUNCTION("""COMPUTED_VALUE"""),23063.1) -> 23063.1 | D76: =if(C76>C75,"UP","DOWN") -> DOWN | Q76: =IFERROR(__xludf.DUMMYFUNCTION("""COMPUTED_VALUE"""),46288.64583333333) -> 46288.646 | R76: =IFERROR(__xludf.DUMMYFUNCTION("""COMPUTED_VALUE"""),994.1) -> 994.1 | S76: =if(R76>R75,"UP","DOWN") -> UP
B77: =IFERROR(__xludf.DUMMYFUNCTION("""COMPUTED_VALUE"""),46290.64583333333) -> 46290.646 | C77: =IFERROR(__xludf.DUMMYFUNCTION("""COMPUTED_VALUE"""),23140.5) -> 23140.5 | D77: =if(C77>C76,"UP","DOWN") -> UP | Q77: =IFERROR(__xludf.DUMMYFUNCTION("""COMPUTED_VALUE"""),46289.64583333333) -> 46289.646 | R77: =IFERROR(__xludf.DUMMYFUNCTION("""COMPUTED_VALUE"""),978.5) -> 978.5 | S77: =if(R77>R76,"UP","DOWN") -> DOWN
B78: =IFERROR(__xludf.DUMMYFUNCTION("""COMPUTED_VALUE"""),46293.64583333333) -> 46293.646 | C78: =IFERROR(__xludf.DUMMYFUNCTION("""COMPUTED_VALUE"""),22780.25) -> 22780.25 | D78: =if(C78>C77,"UP","DOWN") -> DOWN | Q78: =IFERROR(__xludf.DUMMYFUNCTION("""COMPUTED_VALUE"""),46290.64583333333) -> 46290.646 | R78: =IFERROR(__xludf.DUMMYFUNCTION("""COMPUTED_VALUE"""),983.0) -> 983 | S78: =if(R78>R77,"UP","DOWN") -> UP
B79: =IFERROR(__xludf.DUMMYFUNCTION("""COMPUTED_VALUE"""),46294.64583333333) -> 46294.646 | C79: =IFERROR(__xludf.DUMMYFUNCTION("""COMPUTED_VALUE"""),22716.2) -> 22716.2 | D79: =if(C79>C78,"UP","DOWN") -> DOWN | Q79: =IFERROR(__xludf.DUMMYFUNCTION("""COMPUTED_VALUE"""),46293.64583333333) -> 46293.646 | R79: =IFERROR(__xludf.DUMMYFUNCTION("""COMPUTED_VALUE"""),962.0) -> 962 | S79: =if(R79>R78,"UP","DOWN") -> DOWN
B80: =IFERROR(__xludf.DUMMYFUNCTION("""COMPUTED_VALUE"""),46295.64583333333) -> 46295.646 | C80: =IFERROR(__xludf.DUMMYFUNCTION("""COMPUTED_VALUE"""),22620.45) -> 22620.45 | D80: =if(C80>C79,"UP","DOWN") -> DOWN | Q80: =IFERROR(__xludf.DUMMYFUNCTION("""COMPUTED_VALUE"""),46294.64583333333) -> 46294.646 | R80: =IFERROR(__xludf.DUMMYFUNCTION("""COMPUTED_VALUE"""),964.7) -> 964.7 | S80: =if(R80>R79,"UP","DOWN") -> UP
B81: =IFERROR(__xludf.DUMMYFUNCTION("""COMPUTED_VALUE"""),46296.64583333333) -> 46296.646 | C81: =IFERROR(__xludf.DUMMYFUNCTION("""COMPUTED_VALUE"""),22421.95) -> 22421.95 | D81: =if(C81>C80,"UP","DOWN") -> DOWN | Q81: =IFERROR(__xludf.DUMMYFUNCTION("""COMPUTED_VALUE"""),46295.64583333333) -> 46295.646 | R81: =IFERROR(__xludf.DUMMYFUNCTION("""COMPUTED_VALUE"""),959.5) -> 959.5 | S81: =if(R81>R80,"UP","DOWN") -> DOWN
B82: =IFERROR(__xludf.DUMMYFUNCTION("""COMPUTED_VALUE"""),46300.64583333333) -> 46300.646 | C82: =IFERROR(__xludf.DUMMYFUNCTION("""COMPUTED_VALUE"""),22555.75) -> 22555.75 | D82: =if(C82>C81,"UP","DOWN") -> UP | Q82: =IFERROR(__xludf.DUMMYFUNCTION("""COMPUTED_VALUE"""),46296.64583333333) -> 46296.646 | R82: =IFERROR(__xludf.DUMMYFUNCTION("""COMPUTED_VALUE"""),954.1) -> 954.1 | S82: =if(R82>R81,"UP","DOWN") -> DOWN
B83: =IFERROR(__xludf.DUMMYFUNCTION("""COMPUTED_VALUE"""),46301.64583333333) -> 46301.646 | C83: =IFERROR(__xludf.DUMMYFUNCTION("""COMPUTED_VALUE"""),22776.1) -> 22776.1 | D83: =if(C83>C82,"UP","DOWN") -> UP | Q83: =IFERROR(__xludf.DUMMYFUNCTION("""COMPUTED_VALUE"""),46300.64583333333) -> 46300.646 | R83: =IFERROR(__xludf.DUMMYFUNCTION("""COMPUTED_VALUE"""),958.0) -> 958 | S83: =if(R83>R82,"UP","DOWN") -> UP
B84: =IFERROR(__xludf.DUMMYFUNCTION("""COMPUTED_VALUE"""),46302.64583333333) -> 46302.646 | C84: =IFERROR(__xludf.DUMMYFUNCTION("""COMPUTED_VALUE"""),22603.05) -> 22603.05 | D84: =if(C84>C83,"UP","DOWN") -> DOWN | Q84: =IFERROR(__xludf.DUMMYFUNCTION("""COMPUTED_VALUE"""),46301.64583333333) -> 46301.646 | R84: =IFERROR(__xludf.DUMMYFUNCTION("""COMPUTED_VALUE"""),958.75) -> 958.75 | S84: =if(R84>R83,"UP","DOWN") -> UP
B85: =IFERROR(__xludf.DUMMYFUNCTION("""COMPUTED_VALUE"""),46303.64583333333) -> 46303.646 | C85: =IFERROR(__xludf.DUMMYFUNCTION("""COMPUTED_VALUE"""),22231.8) -> 22231.8 | D85: =if(C85>C84,"UP","DOWN") -> DOWN | Q85: =IFERROR(__xludf.DUMMYFUNCTION("""COMPUTED_VALUE"""),46302.64583333333) -> 46302.646 | R85: =IFERROR(__xludf.DUMMYFUNCTION("""COMPUTED_VALUE"""),954.0) -> 954 | S85: =if(R85>R84,"UP","DOWN") -> DOWN
B86: =IFERROR(__xludf.DUMMYFUNCTION("""COMPUTED_VALUE"""),46304.64583333333) -> 46304.646 | C86: =IFERROR(__xludf.DUMMYFUNCTION("""COMPUTED_VALUE"""),22520.45) -> 22520.45 | D86: =if(C86>C85,"UP","DOWN") -> UP | Q86: =IFERROR(__xludf.DUMMYFUNCTION("""COMPUTED_VALUE"""),46303.64583333333) -> 46303.646 | R86: =IFERROR(__xludf.DUMMYFUNCTION("""COMPUTED_VALUE"""),940.0) -> 940 | S86: =if(R86>R85,"UP","DOWN") -> DOWN
B87: =IFERROR(__xludf.DUMMYFUNCTION("""COMPUTED_VALUE"""),46307.64583333333) -> 46307.646 | C87: =IFERROR(__xludf.DUMMYFUNCTION("""COMPUTED_VALUE"""),22363.35) -> 22363.35 | D87: =if(C87>C86,"UP","DOWN") -> DOWN | Q87: =IFERROR(__xludf.DUMMYFUNCTION("""COMPUTED_VALUE"""),46304.64583333333) -> 46304.646 | R87: =IFERROR(__xludf.DUMMYFUNCTION("""COMPUTED_VALUE"""),959.1) -> 959.1 | S87: =if(R87>R86,"UP","DOWN") -> UP
B88: =IFERROR(__xludf.DUMMYFUNCTION("""COMPUTED_VALUE"""),46308.64583333333) -> 46308.646 | C88: =IFERROR(__xludf.DUMMYFUNCTION("""COMPUTED_VALUE"""),22721.95) -> 22721.95 | D88: =if(C88>C87,"UP","DOWN") -> UP | Q88: =IFERROR(__xludf.DUMMYFUNCTION("""COMPUTED_VALUE"""),46307.64583333333) -> 46307.646 | R88: =IFERROR(__xludf.DUMMYFUNCTION("""COMPUTED_VALUE"""),941.0) -> 941 | S88: =if(R88>R87,"UP","DOWN") -> DOWN
B89: =IFERROR(__xludf.DUMMYFUNCTION("""COMPUTED_VALUE"""),46309.64583333333) -> 46309.646 | C89: =IFERROR(__xludf.DUMMYFUNCTION("""COMPUTED_VALUE"""),22622.7) -> 22622.7 | D89: =if(C89>C88,"UP","DOWN") -> DOWN | Q89: =IFERROR(__xludf.DUMMYFUNCTION("""COMPUTED_VALUE"""),46308.64583333333) -> 46308.646 | R89: =IFERROR(__xludf.DUMMYFUNCTION("""COMPUTED_VALUE"""),957.0) -> 957 | S89: =if(R89>R88,"UP","DOWN") -> UP
B90: =IFERROR(__xludf.DUMMYFUNCTION("""COMPUTED_VALUE"""),46310.64583333333) -> 46310.646 | C90: =IFERROR(__xludf.DUMMYFUNCTION("""COMPUTED_VALUE"""),22997.35) -> 22997.35 | D90: =if(C90>C89,"UP","DOWN") -> UP | Q90: =IFERROR(__xludf.DUMMYFUNCTION("""COMPUTED_VALUE"""),46309.64583333333) -> 46309.646 | R90: =IFERROR(__xludf.DUMMYFUNCTION("""COMPUTED_VALUE"""),954.9) -> 954.9 | S90: =if(R90>R89,"UP","DOWN") -> DOWN
B91: =IFERROR(__xludf.DUMMYFUNCTION("""COMPUTED_VALUE"""),46311.64583333333) -> 46311.646 | C91: =IFERROR(__xludf.DUMMYFUNCTION("""COMPUTED_VALUE"""),23146.15) -> 23146.15 | D91: =if(C91>C90,"UP","DOWN") -> UP | E91: 15 days | F91: 10 days | G91: 5 days | Q91: =IFERROR(__xludf.DUMMYFUNCTION("""COMPUTED_VALUE"""),46310.64583333333) -> 46310.646 | R91: =IFERROR(__xludf.DUMMYFUNCTION("""COMPUTED_VALUE"""),960.0) -> 960 | S91: =if(R91>R90,"UP","DOWN") -> UP
D92: =if(C92>C91,"UP","DOWN") -> DOWN | E92: =AVERAGE(C78:C92) -> 22648.393 | F92: =Average(C84:C92) -> 22650.85 | G92: =Average(C88:C92) -> 22872.037 | Q92: =IFERROR(__xludf.DUMMYFUNCTION("""COMPUTED_VALUE"""),46311.64583333333) -> 46311.646 | R92: =IFERROR(__xludf.DUMMYFUNCTION("""COMPUTED_VALUE"""),962.6) -> 962.6
A94: BANK NIFTY | B94: =IFERROR(__xludf.DUMMYFUNCTION("GOOGLEFINANCE(""INDEXNSE:NIFTY_BANK"",""price"",TODAY()-121,TODAY())"),"Date") -> Date | C94: =IFERROR(__xludf.DUMMYFUNCTION("""COMPUTED_VALUE"""),"Close") -> Close
B95: =IFERROR(__xludf.DUMMYFUNCTION("""COMPUTED_VALUE"""),46191.64583333333) -> 46191.646 | C95: =IFERROR(__xludf.DUMMYFUNCTION("""COMPUTED_VALUE"""),57963.8) -> 57963.8
B96: =IFERROR(__xludf.DUMMYFUNCTION("""COMPUTED_VALUE"""),46192.64583333333) -> 46192.646 | C96: =IFERROR(__xludf.DUMMYFUNCTION("""COMPUTED_VALUE"""),57685.75) -> 57685.75 | D96: =if(C96>C95,"UP","DOWN") -> DOWN
B97: =IFERROR(__xludf.DUMMYFUNCTION("""COMPUTED_VALUE"""),46195.64583333333) -> 46195.646 | C97: =IFERROR(__xludf.DUMMYFUNCTION("""COMPUTED_VALUE"""),57935.6) -> 57935.6 | D97: =if(C97>C96,"UP","DOWN") -> UP
B98: =IFERROR(__xludf.DUMMYFUNCTION("""COMPUTED_VALUE"""),46196.64583333333) -> 46196.646 | C98: =IFERROR(__xludf.DUMMYFUNCTION("""COMPUTED_VALUE"""),57183.75) -> 57183.75 | D98: =if(C98>C97,"UP","DOWN") -> DOWN
B99: =IFERROR(__xludf.DUMMYFUNCTION("""COMPUTED_VALUE"""),46197.64583333333) -> 46197.646 | C99: =IFERROR(__xludf.DUMMYFUNCTION("""COMPUTED_VALUE"""),58150.35) -> 58150.35 | D99: =if(C99>C98,"UP","DOWN") -> UP
B100: =IFERROR(__xludf.DUMMYFUNCTION("""COMPUTED_VALUE"""),46198.64583333333) -> 46198.646 | C100: =IFERROR(__xludf.DUMMYFUNCTION("""COMPUTED_VALUE"""),58177.05) -> 58177.05 | D100: =if(C100>C99,"UP","DOWN") -> UP
B101: =IFERROR(__xludf.DUMMYFUNCTION("""COMPUTED_VALUE"""),46202.64583333333) -> 46202.646 | C101: =IFERROR(__xludf.DUMMYFUNCTION("""COMPUTED_VALUE"""),57727.35) -> 57727.35 | D101: =if(C101>C100,"UP","DOWN") -> DOWN
...

Sheet NIFTY-BANKNIFTY
B1: SMA 20 | C1: =AVERAGE(C98:C118) -> 23182.712 | E1: SMA 20 | F1: =AVERAGE(F98:F118) -> 55858.243 | G1: =STDEV(F74:F93) -> 252.24451 | P1: AVERAGE | Q1: MAX | R1: MIN | T1: Row | U1: NIFTY | V1: BNF | W1: RATIO | X1: 120 DAYS DATA
B2: SMA 30 | C2: =AVERAGE(C18:C88) -> 23990.775 | E2: SMA 30 | F2: =AVERAGE(F88:F118) -> 56406.527 | M2: CORELATION-30D | N2: =CORREL(C88:C118,F88:F118) -> 0.97145202 | O2: RATIO SPREAD-30D | P2: =AVERAGE(K88:K117) -> 0.41643472 | Q2: =MAX(K88:K117) -> 0.42310508 | R2: =MIN(K88:K117) -> 0.41178404 | S2: =Q2-R2 -> 0.011321033 | T2: =MATCH(MAX(K11:K116), K11:K116, 0) -> 14 | U2: {=INDEX(C11:C116, MATCH(MAX(K11:K116), K11:K116, 0))} -> 23654.7 | V2: {=INDEX(F11:F116, MATCH(MAX(K11:K116), K11:K116, 0))} -> 53439.4 | W2: =U2/V2 -> 0.44264531 | X2: MAX
A3: =STDEV(C75:C93) -> 187.00354 | B3: Max Price in 20 D | C3: =max(C98:C118) -> 23897.7 | D3: =C1+A3*2 -> 23556.719 | E3: Max Price in 20 D | F3: =max(F98:F118) -> 57369.65 | G3: =F1+G1*2 -> 56362.732 | M3: CORELATION-60D | N3: =CORREL(C58:C118,F58:F118) -> 0.94216834 | O3: RATIO SPREAD-60D | P3: =AVERAGE((K58:K117)) -> 0.41910093 | Q3: =MAX(K58:K117) -> 0.42647508 | R3: =MIN(K58:K117) -> 0.41178404 | S3: =Q3-R3 -> 0.01469104 | T3: =MATCH(Min(K11:K116), K11:K116, 0) -> 106 | U3: {=INDEX(C11:C116, MATCH(Min(K11:K116), K11:K116, 0))} -> 22421.95 | V3: {=INDEX(F11:F116, MATCH(MIN(K11:K116), K11:K116, 0))} -> 54450.75 | W3: =U3/V3 -> 0.41178404 | X3: MIN
B4: MIN Price in 20 D | C4: =MIN(C98:C118) -> 22421.95 | D4: =C1-A3*2 -> 22808.705 | E4: MIN Price in 20 D | F4: =MIN(F98:F118) -> 54259.95 | G4: =F1-G1*2 -> 55353.754 | M4: CORELATION-90D | N4: =CORREL(C28:C118,F28:F118) -> 0.83448052 | O4: RATIO SPREAD-90D | P4: =AVERAGE(K28:K117) -> 0.41988471 | Q4: =MAX(K28:K117) -> 0.43719079 | R4: =MIN(K28:K117) -> 0.41178404 | S4: =Q4-R4 -> 0.025406742
B5: Max Price in 10 D | C5: =max(C108:C118) -> 23446.8 | D5: =C1+A3 -> 23369.715 | E5: Max Price in 10 D | F5: =max(F108:F118) -> 56548.9 | G5: =F1+G1 -> 56110.487 | M5: CORELATION-120D | N5: =CORREL(C11:C118,F11:F118) -> 0.68546247 | O5: RATIO SPREAD-120D | P5: =AVERAGE(K11:K117) -> 0.42281426 | Q5: =MAX(K11:K117) -> 0.44264531 | R5: =MIN(K11:K117) -> 0.41178404 | S5: =Q5-R5 -> 0.030861271 | T5: NIFTY | U5: 4 | V5: =U2*U7*U5 -> 4730940 | W5: =V2*U6*U8 -> 2404773
B6: MIN Price in 10 D | C6: =MIN(C108:C118) -> 22421.95 | D6: =C1-A3 -> 22995.708 | E6: MIN Price in 10 D | F6: =MIN(F108:F118) -> 54259.95 | G6: =F1-G1 -> 55605.998 | T6: BNF | U6: 3 | V6: =U3*U5*U7 -> 4484390 | W6: =V3*U6*U8 -> 2450283.8
B7: Max Price in 30D | C7: =max(C88:C118) -> 24334.55 | E7: Max Price in 30D | F7: =max(F88:F118) -> 58024.95 | T7: NIFTY | U7: 50
B8: Mean 20D | C8: =AVERAGE(C98:C118) -> 23182.712 | E8: Mean 20D | F8: =AVERAGE(F98:F118) -> 55858.243 | T8: BNF | U8: 15
B9: INDEXNSE:NIFTY_50 | E9: INDEXNSE:NIFTY_BANK
B10: =IFERROR(__xludf.DUMMYFUNCTION("GOOGLEFINANCE(B9,""price"",TODAY()-166,TODAY())"),"Date") -> Date | C10: =IFERROR(__xludf.DUMMYFUNCTION("""COMPUTED_VALUE"""),"Close") -> Close | E10: =IFERROR(__xludf.DUMMYFUNCTION("GOOGLEFINANCE(E9,""price"",TODAY()-166,TODAY())"),"Date") -> Date | F10: =IFERROR(__xludf.DUMMYFUNCTION("""COMPUTED_VALUE"""),"Close") -> Close | H10: Ratio Spread | I10: Spread of Price | J10: Z score | K10: Ratio Spread | L10: NIFTY MEAN | M10: NIFTY DIVERGENCE | N10: BANKNIFTY MEAN | O10: BANKNIFTY DIVERGENCE | P10: DIVERGENCE GAP | Y10: AVERAGE | Z10: NIFTY | AA10: BANK
B11: =IFERROR(__xludf.DUMMYFUNCTION("""COMPUTED_VALUE"""),46146.64583333333) -> 46146.646 | C11: =IFERROR(__xludf.DUMMYFUNCTION("""COMPUTED_VALUE"""),24119.3) -> 24119.3 | E11: =IFERROR(__xludf.DUMMYFUNCTION("""COMPUTED_VALUE"""),46146.64583333333) -> 46146.646 | F11: =IFERROR(__xludf.DUMMYFUNCTION("""COMPUTED_VALUE"""),54878.5) -> 54878.5 | H11: =C11/F11 -> 0.43950363 | I11: =C11-F11 -> -30759.2 | J11: =((I11-$I$129)/$I$130) -> 1.4845055 | K11: =C11/F11 -> 0.43950363 | V11: =V5-V6 -> 246550 | W11: =W6-W5 -> 45510.75 | X11: =V11+W11 -> 292060.75 | Y11: 30 DAy | Z11: =AVERAGE(C88,C118) -> 23514.05 | AA11: =AVERAGE(F88,F118) -> 56445.175
B12: =IFERROR(__xludf.DUMMYFUNCTION("""COMPUTED_VALUE"""),46147.64583333333) -> 46147.646 | C12: =IFERROR(__xludf.DUMMYFUNCTION("""COMPUTED_VALUE"""),24032.8) -> 24032.8 | E12: =IFERROR(__xludf.DUMMYFUNCTION("""COMPUTED_VALUE"""),46147.64583333333) -> 46147.646 | F12: =IFERROR(__xludf.DUMMYFUNCTION("""COMPUTED_VALUE"""),54547.05) -> 54547.05 | H12: =C12/F12 -> 0.44058845 | I12: =C12-F12 -> -30514.25 | J12: =((I12-$I$129)/$I$130) -> 1.6838876 | K12: =C12/F12 -> 0.44058845 | T12: INPUT VALUE | U12: =S2/3 -> 0.0037736778 | Y12: 60 DAys | Z12: =AVERAGE(C58,C118) -> 23491.5 | AA12: =AVERAGE(F58,F118) -> 56587.15
B13: =IFERROR(__xludf.DUMMYFUNCTION("""COMPUTED_VALUE"""),46148.64583333333) -> 46148.646 | C13: =IFERROR(__xludf.DUMMYFUNCTION("""COMPUTED_VALUE"""),24330.95) -> 24330.95 | E13: =IFERROR(__xludf.DUMMYFUNCTION("""COMPUTED_VALUE"""),46148.64583333333) -> 46148.646 | F13: =IFERROR(__xludf.DUMMYFUNCTION("""COMPUTED_VALUE"""),55981.05) -> 55981.05 | H13: =C13/F13 -> 0.43462833 | I13: =C13-F13 -> -31650.1 | J13: =((I13-$I$129)/$I$130) -> 0.75933916 | K13: =C13/F13 -> 0.43462833 | U13: =(X11*U12)/S2 -> 97353.583 | X13: =X11/(R2/U12) -> 2676.5077 | Y13: 90 Days | Z13: =AVERAGE(C28,C118) -> 23341.625 | AA13: =AVERAGE(F28,F118) -> 54991.125
B14: =IFERROR(__xludf.DUMMYFUNCTION("""COMPUTED_VALUE"""),46149.64583333333) -> 46149.646 | C14: =IFERROR(__xludf.DUMMYFUNCTION("""COMPUTED_VALUE"""),24326.65) -> 24326.65 | E14: =IFERROR(__xludf.DUMMYFUNCTION("""COMPUTED_VALUE"""),46149.64583333333) -> 46149.646 | F14: =IFERROR(__xludf.DUMMYFUNCTION("""COMPUTED_VALUE"""),56047.4) -> 56047.4 | H14: =C14/F14 -> 0.43403708 | I14: =C14-F14 -> -31720.75 | J14: =((I14-$I$129)/$I$130) -> 0.70183214 | K14: =C14/F14 -> 0.43403708
B15: =IFERROR(__xludf.DUMMYFUNCTION("""COMPUTED_VALUE"""),46150.64583333333) -> 46150.646 | C15: =IFERROR(__xludf.DUMMYFUNCTION("""COMPUTED_VALUE"""),24176.15) -> 24176.15 | E15: =IFERROR(__xludf.DUMMYFUNCTION("""COMPUTED_VALUE"""),46150.64583333333) -> 46150.646 | F15: =IFERROR(__xludf.DUMMYFUNCTION("""COMPUTED_VALUE"""),55310.55) -> 55310.55 | H15: =C15/F15 -> 0.43709835 | I15: =C15-F15 -> -31134.4 | J15: =((I15-$I$129)/$I$130) -> 1.1791038 | K15: =C15/F15 -> 0.43709835
B16: =IFERROR(__xludf.DUMMYFUNCTION("""COMPUTED_VALUE"""),46153.64583333333) -> 46153.646 | C16: =IFERROR(__xludf.DUMMYFUNCTION("""COMPUTED_VALUE"""),23815.85) -> 23815.85 | E16: =IFERROR(__xludf.DUMMYFUNCTION("""COMPUTED_VALUE"""),46153.64583333333) -> 46153.646 | F16: =IFERROR(__xludf.DUMMYFUNCTION("""COMPUTED_VALUE"""),54439.9) -> 54439.9 | H16: =C16/F16 -> 0.4374705 | I16: =C16-F16 -> -30624.05 | J16: =((I16-$I$129)/$I$130) -> 1.5945136 | K16: =C16/F16 -> 0.4374705
B17: =IFERROR(__xludf.DUMMYFUNCTION("""COMPUTED_VALUE"""),46154.64583333333) -> 46154.646 | C17: =IFERROR(__xludf.DUMMYFUNCTION("""COMPUTED_VALUE"""),23379.55) -> 23379.55 | E17: =IFERROR(__xludf.DUMMYFUNCTION("""COMPUTED_VALUE"""),46154.64583333333) -> 46154.646 | F17: =IFERROR(__xludf.DUMMYFUNCTION("""COMPUTED_VALUE"""),53555.2) -> 53555.2 | H17: =C17/F17 -> 0.43655051 | I17: =C17-F17 -> -30175.65 | J17: =((I17-$I$129)/$I$130) -> 1.959498 | K17: =C17/F17 -> 0.43655051
B18: =IFERROR(__xludf.DUMMYFUNCTION("""COMPUTED_VALUE"""),46155.64583333333) -> 46155.646 | C18: =IFERROR(__xludf.DUMMYFUNCTION("""COMPUTED_VALUE"""),23412.6) -> 23412.6 | E18: =IFERROR(__xludf.DUMMYFUNCTION("""COMPUTED_VALUE"""),46155.64583333333) -> 46155.646 | F18: =IFERROR(__xludf.DUMMYFUNCTION("""COMPUTED_VALUE"""),53456.15) -> 53456.15 | H18: =C18/F18 -> 0.43797767 | I18: =C18-F18 -> -30043.55 | J18: =((I18-$I$129)/$I$130) -> 2.0670235 | K18: =C18/F18 -> 0.43797767
B19: =IFERROR(__xludf.DUMMYFUNCTION("""COMPUTED_VALUE"""),46156.64583333333) -> 46156.646 | C19: =IFERROR(__xludf.DUMMYFUNCTION("""COMPUTED_VALUE"""),23689.6) -> 23689.6 | E19: =IFERROR(__xludf.DUMMYFUNCTION("""COMPUTED_VALUE"""),46156.64583333333) -> 46156.646 | F19: =IFERROR(__xludf.DUMMYFUNCTION("""COMPUTED_VALUE"""),54128.95) -> 54128.95 | H19: =C19/F19 -> 0.4376512 | I19: =C19-F19 -> -30439.35 | J19: =((I19-$I$129)/$I$130) -> 1.744854 | K19: =C19/F19 -> 0.4376512
B20: =IFERROR(__xludf.DUMMYFUNCTION("""COMPUTED_VALUE"""),46157.64583333333) -> 46157.646 | C20: =IFERROR(__xludf.DUMMYFUNCTION("""COMPUTED_VALUE"""),23643.5) -> 23643.5 | E20: =IFERROR(__xludf.DUMMYFUNCTION("""COMPUTED_VALUE"""),46157.64583333333) -> 46157.646 | F20: =IFERROR(__xludf.DUMMYFUNCTION("""COMPUTED_VALUE"""),53710.35) -> 53710.35 | H20: =C20/F20 -> 0.4402038 | I20: =C20-F20 -> -30066.85 | J20: =((I20-$I$129)/$I$130) -> 2.048058 | K20: =C20/F20 -> 0.4402038
B21: =IFERROR(__xludf.DUMMYFUNCTION("""COMPUTED_VALUE"""),46160.64583333333) -> 46160.646 | C21: =IFERROR(__xludf.DUMMYFUNCTION("""COMPUTED_VALUE"""),23649.95) -> 23649.95 | E21: =IFERROR(__xludf.DUMMYFUNCTION("""COMPUTED_VALUE"""),46160.64583333333) -> 46160.646 | F21: =IFERROR(__xludf.DUMMYFUNCTION("""COMPUTED_VALUE"""),53537.0) -> 53537 | H21: =C21/F21 -> 0.44174963 | I21: =C21-F21 -> -29887.05 | J21: =((I21-$I$129)/$I$130) -> 2.1944099 | K21: =C21/F21 -> 0.44174963
B22: =IFERROR(__xludf.DUMMYFUNCTION("""COMPUTED_VALUE"""),46161.64583333333) -> 46161.646 | C22: =IFERROR(__xludf.DUMMYFUNCTION("""COMPUTED_VALUE"""),23618.0) -> 23618 | E22: =IFERROR(__xludf.DUMMYFUNCTION("""COMPUTED_VALUE"""),46161.64583333333) -> 46161.646 | F22: =IFERROR(__xludf.DUMMYFUNCTION("""COMPUTED_VALUE"""),53409.15) -> 53409.15 | H22: =C22/F22 -> 0.44220887 | I22: =C22-F22 -> -29791.15 | J22: =((I22-$I$129)/$I$130) -> 2.2724697 | K22: =C22/F22 -> 0.44220887
B23: =IFERROR(__xludf.DUMMYFUNCTION("""COMPUTED_VALUE"""),46162.64583333333) -> 46162.646 | C23: =IFERROR(__xludf.DUMMYFUNCTION("""COMPUTED_VALUE"""),23659.0) -> 23659 | E23: =IFERROR(__xludf.DUMMYFUNCTION("""COMPUTED_VALUE"""),46162.64583333333) -> 46162.646 | F23: =IFERROR(__xludf.DUMMYFUNCTION("""COMPUTED_VALUE"""),53562.2) -> 53562.2 | H23: =C23/F23 -> 0.44171076 | I23: =C23-F23 -> -29903.2 | J23: =((I23-$I$129)/$I$130) -> 2.1812643 | K23: =C23/F23 -> 0.44171076
B24: =IFERROR(__xludf.DUMMYFUNCTION("""COMPUTED_VALUE"""),46163.64583333333) -> 46163.646 | C24: =IFERROR(__xludf.DUMMYFUNCTION("""COMPUTED_VALUE"""),23654.7) -> 23654.7 | E24: =IFERROR(__xludf.DUMMYFUNCTION("""COMPUTED_VALUE"""),46163.64583333333) -> 46163.646 | F24: =IFERROR(__xludf.DUMMYFUNCTION("""COMPUTED_VALUE"""),53439.4) -> 53439.4 | H24: =C24/F24 -> 0.44264531 | I24: =C24-F24 -> -29784.7 | J24: =((I24-$I$129)/$I$130) -> 2.2777198 | K24: =C24/F24 -> 0.44264531
B25: =IFERROR(__xludf.DUMMYFUNCTION("""COMPUTED_VALUE"""),46164.64583333333) -> 46164.646 | C25: =IFERROR(__xludf.DUMMYFUNCTION("""COMPUTED_VALUE"""),23719.3) -> 23719.3 | E25: =IFERROR(__xludf.DUMMYFUNCTION("""COMPUTED_VALUE"""),46164.64583333333) -> 46164.646 | F25: =IFERROR(__xludf.DUMMYFUNCTION("""COMPUTED_VALUE"""),54055.35) -> 54055.35 | H25: =C25/F25 -> 0.43879653 | I25: =C25-F25 -> -30336.05 | J25: =((I25-$I$129)/$I$130) -> 1.8289371 | K25: =C25/F25 -> 0.43879653
B26: =IFERROR(__xludf.DUMMYFUNCTION("""COMPUTED_VALUE"""),46167.64583333333) -> 46167.646 | C26: =IFERROR(__xludf.DUMMYFUNCTION("""COMPUTED_VALUE"""),24031.7) -> 24031.7 | E26: =IFERROR(__xludf.DUMMYFUNCTION("""COMPUTED_VALUE"""),46167.64583333333) -> 46167.646 | F26: =IFERROR(__xludf.DUMMYFUNCTION("""COMPUTED_VALUE"""),55293.65) -> 55293.65 | H26: =C26/F26 -> 0.43461953 | I26: =C26-F26 -> -31261.95 | J26: =((I26-$I$129)/$I$130) -> 1.0752818 | K26: =C26/F26 -> 0.43461953
B27: =IFERROR(__xludf.DUMMYFUNCTION("""COMPUTED_VALUE"""),46168.64583333333) -> 46168.646 | C27: =IFERROR(__xludf.DUMMYFUNCTION("""COMPUTED_VALUE"""),23913.7) -> 23913.7 | E27: =IFERROR(__xludf.DUMMYFUNCTION("""COMPUTED_VALUE"""),46168.64583333333) -> 46168.646 | F27: =IFERROR(__xludf.DUMMYFUNCTION("""COMPUTED_VALUE"""),55092.9) -> 55092.9 | H27: =C27/F27 -> 0.43406138 | I27: =C27-F27 -> -31179.2 | J27: =((I27-$I$129)/$I$130) -> 1.1426379 | K27: =C27/F27 -> 0.43406138 | R27: Average Ratio 30D | S27: =AVERAGE(K88:K118) -> 0.41632865
B28: =IFERROR(__xludf.DUMMYFUNCTION("""COMPUTED_VALUE"""),46169.64583333333) -> 46169.646 | C28: =IFERROR(__xludf.DUMMYFUNCTION("""COMPUTED_VALUE"""),23907.15) -> 23907.15 | E28: =IFERROR(__xludf.DUMMYFUNCTION("""COMPUTED_VALUE"""),46169.64583333333) -> 46169.646 | F28: =IFERROR(__xludf.DUMMYFUNCTION("""COMPUTED_VALUE"""),54853.85) -> 54853.85 | H28: =C28/F28 -> 0.43583358 | I28: =C28-F28 -> -30946.7 | J28: =((I28-$I$129)/$I$130) -> 1.331886 | K28: =C28/F28 -> 0.43583358 | R28: Max Ratio Spread in 30 D | S28: =MAX(K88:K118) -> 0.42310508
B29: =IFERROR(__xludf.DUMMYFUNCTION("""COMPUTED_VALUE"""),46171.64583333333) -> 46171.646 | C29: =IFERROR(__xludf.DUMMYFUNCTION("""COMPUTED_VALUE"""),23547.75) -> 23547.75 | E29: =IFERROR(__xludf.DUMMYFUNCTION("""COMPUTED_VALUE"""),46171.64583333333) -> 46171.646 | F29: =IFERROR(__xludf.DUMMYFUNCTION("""COMPUTED_VALUE"""),54239.2) -> 54239.2 | H29: =C29/F29 -> 0.43414634 | I29: =C29-F29 -> -30691.45 | J29: =((I29-$I$129)/$I$130) -> 1.539652 | K29: =C29/F29 -> 0.43414634
B30: =IFERROR(__xludf.DUMMYFUNCTION("""COMPUTED_VALUE"""),46174.64583333333) -> 46174.646 | C30: =IFERROR(__xludf.DUMMYFUNCTION("""COMPUTED_VALUE"""),23382.6) -> 23382.6 | E30: =IFERROR(__xludf.DUMMYFUNCTION("""COMPUTED_VALUE"""),46174.64583333333) -> 46174.646 | F30: =IFERROR(__xludf.DUMMYFUNCTION("""COMPUTED_VALUE"""),53643.1) -> 53643.1 | H30: =C30/F30 -> 0.43589203 | I30: =C30-F30 -> -30260.5 | J30: =((I30-$I$129)/$I$130) -> 1.8904326 | K30: =C30/F30 -> 0.43589203 | L30: =AVERAGE(C11:C30) -> 23800.54 | M30: =(C30-L30)/C30 -> -0.017873975 | N30: =AVERAGE(F11:F30) -> 54359.045 | O30: =(F30-N30)/F30 -> -0.013346451 | P30: =M30-O30 -> -0.0045275238
B31: =IFERROR(__xludf.DUMMYFUNCTION("""COMPUTED_VALUE"""),46175.64583333333) -> 46175.646 | C31: =IFERROR(__xludf.DUMMYFUNCTION("""COMPUTED_VALUE"""),23483.55) -> 23483.55 | E31: =IFERROR(__xludf.DUMMYFUNCTION("""COMPUTED_VALUE"""),46175.64583333333) -> 46175.646 | F31: =IFERROR(__xludf.DUMMYFUNCTION("""COMPUTED_VALUE"""),53714.65) -> 53714.65 | H31: =C31/F31 -> 0.43719079 | I31: =C31-F31 -> -30231.1 | J31: =((I31-$I$129)/$I$130) -> 1.9143633 | K31: =C31/F31 -> 0.43719079 | L31: =AVERAGE(C12:C31) -> 23768.752 | M31: =(C31-L31)/C31 -> -0.012144778 | N31: =AVERAGE(F12:F31) -> 54300.853 | O31: =(F31-N31)/F31 -> -0.01091327 | P31: =M31-O31 -> -0.0012315075
B32: =IFERROR(__xludf.DUMMYFUNCTION("""COMPUTED_VALUE"""),46176.64583333333) -> 46176.646 | C32: =IFERROR(__xludf.DUMMYFUNCTION("""COMPUTED_VALUE"""),23405.6) -> 23405.6 | E32: =IFERROR(__xludf.DUMMYFUNCTION("""COMPUTED_VALUE"""),46176.64583333333) -> 46176.646 | F32: =IFERROR(__xludf.DUMMYFUNCTION("""COMPUTED_VALUE"""),54185.95) -> 54185.95 | H32: =C32/F32 -> 0.43194961 | I32: =C32-F32 -> -30780.35 | J32: =((I32-$I$129)/$I$130) -> 1.46729 | K32: =C32/F32 -> 0.43194961 | L32: =AVERAGE(C13:C32) -> 23737.393 | M32: =(C32-L32)/C32 -> -0.014175774 | N32: =AVERAGE(F13:F32) -> 54282.798 | O32: =(F32-N32)/F32 -> -0.0017873176 | P32: =M32-O32 -> -0.012388457
B33: =IFERROR(__xludf.DUMMYFUNCTION("""COMPUTED_VALUE"""),46177.64583333333) -> 46177.646 | C33: =IFERROR(__xludf.DUMMYFUNCTION("""COMPUTED_VALUE"""),23416.55) -> 23416.55 | E33: =IFERROR(__xludf.DUMMYFUNCTION("""COMPUTED_VALUE"""),46177.64583333333) -> 46177.646 | F33: =IFERROR(__xludf.DUMMYFUNCTION("""COMPUTED_VALUE"""),54307.85) -> 54307.85 | H33: =C33/F33 -> 0.43118168 | I33: =C33-F33 -> -30891.3 | J33: =((I33-$I$129)/$I$130) -> 1.37698 | K33: =C33/F33 -> 0.43118168 | L33: =AVERAGE(C14:C33) -> 23691.673 | M33: =(C33-L33)/C33 -> -0.011749062 | N33: =AVERAGE(F14:F33) -> 54199.137 | O33: =(F33-N33)/F33 -> 0.0020017824 | P33: =M33-O33 -> -0.013750845
B34: =IFERROR(__xludf.DUMMYFUNCTION("""COMPUTED_VALUE"""),46178.64583333333) -> 46178.646 | C34: =IFERROR(__xludf.DUMMYFUNCTION("""COMPUTED_VALUE"""),23366.7) -> 23366.7 | E34: =IFERROR(__xludf.DUMMYFUNCTION("""COMPUTED_VALUE"""),46178.64583333333) -> 46178.646 | F34: =IFERROR(__xludf.DUMMYFUNCTION("""COMPUTED_VALUE"""),54496.25) -> 54496.25 | H34: =C34/F34 -> 0.42877629 | I34: =C34-F34 -> -31129.55 | J34: =((I34-$I$129)/$I$130) -> 1.1830515 | K34: =C34/F34 -> 0.42877629 | L34: =AVERAGE(C15:C34) -> 23643.675 | M34: =(C34-L34)/C34 -> -0.011853407 | N34: =AVERAGE(F15:F34) -> 54121.58 | O34: =(F34-N34)/F34 -> 0.006875152 | P34: =M34-O34 -> -0.018728559
B35: =IFERROR(__xludf.DUMMYFUNCTION("""COMPUTED_VALUE"""),46181.64583333333) -> 46181.646 | C35: =IFERROR(__xludf.DUMMYFUNCTION("""COMPUTED_VALUE"""),23123.0) -> 23123 | E35: =IFERROR(__xludf.DUMMYFUNCTION("""COMPUTED_VALUE"""),46181.64583333333) -> 46181.646 | F35: =IFERROR(__xludf.DUMMYFUNCTION("""COMPUTED_VALUE"""),54063.75) -> 54063.75 | H35: =C35/F35 -> 0.42769878 | I35: =C35-F35 -> -30940.75 | J35: =((I35-$I$129)/$I$130) -> 1.3367291 | K35: =C35/F35 -> 0.42769878 | L35: =AVERAGE(C16:C35) -> 23591.018 | M35: =(C35-L35)/C35 -> -0.020240345 | N35: =AVERAGE(F16:F35) -> 54059.24 | O35: =(F35-N35)/F35 -> 8.3420037e-05 | P35: =M35-O35 -> -0.020323765
B36: =IFERROR(__xludf.DUMMYFUNCTION("""COMPUTED_VALUE"""),46182.64583333333) -> 46182.646 | C36: =IFERROR(__xludf.DUMMYFUNCTION("""COMPUTED_VALUE"""),23242.1) -> 23242.1 | E36: =IFERROR(__xludf.DUMMYFUNCTION("""COMPUTED_VALUE"""),46182.64583333333) -> 46182.646 | F36: =IFERROR(__xludf.DUMMYFUNCTION("""COMPUTED_VALUE"""),55194.5) -> 55194.5 | H36: =C36/F36 -> 0.42109449 | I36: =C36-F36 -> -31952.4 | J36: =((I36-$I$129)/$I$130) -> 0.51327587 | K36: =C36/F36 -> 0.42109449 | L36: =AVERAGE(C17:C36) -> 23562.33 | M36: =(C36-L36)/C36 -> -0.013778015 | N36: =AVERAGE(F17:F36) -> 54096.97 | O36: =(F36-N36)/F36 -> 0.019884771 | P36: =M36-O36 -> -0.033662786
B37: =IFERROR(__xludf.DUMMYFUNCTION("""COMPUTED_VALUE"""),46183.64583333333) -> 46183.646 | C37: =IFERROR(__xludf.DUMMYFUNCTION("""COMPUTED_VALUE"""),23214.95) -> 23214.95 | E37: =IFERROR(__xludf.DUMMYFUNCTION("""COMPUTED_VALUE"""),46183.64583333333) -> 46183.646 | F37: =IFERROR(__xludf.DUMMYFUNCTION("""COMPUTED_VALUE"""),55100.3) -> 55100.3 | H37: =C37/F37 -> 0.42132166 | I37: =C37-F37 -> -31885.35 | J37: =((I37-$I$129)/$I$130) -> 0.56785259 | K37: =C37/F37 -> 0.42132166 | L37: =AVERAGE(C18:C37) -> 23554.1 | M37: =(C37-L37)/C37 -> -0.01460912 | N37: =AVERAGE(F18:F37) -> 54174.225 | O37: =(F37-N37)/F37 -> 0.016807077 | P37: =M37-O37 -> -0.031416198
B38: =IFERROR(__xludf.DUMMYFUNCTION("""COMPUTED_VALUE"""),46184.64583333333) -> 46184.646 | C38: =IFERROR(__xludf.DUMMYFUNCTION("""COMPUTED_VALUE"""),23161.6) -> 23161.6 | E38: =IFERROR(__xludf.DUMMYFUNCTION("""COMPUTED_VALUE"""),46184.64583333333) -> 46184.646 | F38: =IFERROR(__xludf.DUMMYFUNCTION("""COMPUTED_VALUE"""),55176.75) -> 55176.75 | H38: =C38/F38 -> 0.41977101 | I38: =C38-F38 -> -32015.15 | J38: =((I38-$I$129)/$I$130) -> 0.46219922 | K38: =C38/F38 -> 0.41977101 | L38: =AVERAGE(C19:C38) -> 23541.55 | M38: =(C38-L38)/C38 -> -0.016404307 | N38: =AVERAGE(F19:F38) -> 54260.255 | O38: =(F38-N38)/F38 -> 0.016610166 | P38: =M38-O38 -> -0.033014474
B39: =IFERROR(__xludf.DUMMYFUNCTION("""COMPUTED_VALUE"""),46185.64583333333) -> 46185.646 | C39: =IFERROR(__xludf.DUMMYFUNCTION("""COMPUTED_VALUE"""),23622.9) -> 23622.9 | E39: =IFERROR(__xludf.DUMMYFUNCTION("""COMPUTED_VALUE"""),46185.64583333333) -> 46185.646 | F39: =IFERROR(__xludf.DUMMYFUNCTION("""COMPUTED_VALUE"""),56814.8) -> 56814.8 | H39: =C39/F39 -> 0.41578779 | I39: =C39-F39 -> -33191.9 | J39: =((I39-$I$129)/$I$130) -> -0.49564059 | K39: =C39/F39 -> 0.41578779 | L39: =AVERAGE(C20:C39) -> 23538.215 | M39: =(C39-L39)/C39 -> 0.0035848689 | N39: =AVERAGE(F20:F39) -> 54394.548 | O39: =(F39-N39)/F39 -> 0.042598979 | P39: =M39-O39 -> -0.039014111
B40: =IFERROR(__xludf.DUMMYFUNCTION("""COMPUTED_VALUE"""),46188.64583333333) -> 46188.646 | C40: =IFERROR(__xludf.DUMMYFUNCTION("""COMPUTED_VALUE"""),23853.9) -> 23853.9 | E40: =IFERROR(__xludf.DUMMYFUNCTION("""COMPUTED_VALUE"""),46188.64583333333) -> 46188.646 | F40: =IFERROR(__xludf.DUMMYFUNCTION("""COMPUTED_VALUE"""),57198.8) -> 57198.8 | H40: =C40/F40 -> 0.41703497 | I40: =C40-F40 -> -33344.9 | J40: =((I40-$I$129)/$I$130) -> -0.62017808 | K40: =C40/F40 -> 0.41703497 | L40: =AVERAGE(C21:C40) -> 23548.735 | M40: =(C40-L40)/C40 -> 0.012793086 | N40: =AVERAGE(F21:F40) -> 54568.97 | O40: =(F40-N40)/F40 -> 0.045977013 | P40: =M40-O40 -> -0.033183927
B41: =IFERROR(__xludf.DUMMYFUNCTION("""COMPUTED_VALUE"""),46189.64583333333) -> 46189.646 | C41: =IFERROR(__xludf.DUMMYFUNCTION("""COMPUTED_VALUE"""),23989.15) -> 23989.15 | E41: =IFERROR(__xludf.DUMMYFUNCTION("""COMPUTED_VALUE"""),46189.64583333333) -> 46189.646 | F41: =IFERROR(__xludf.DUMMYFUNCTION("""COMPUTED_VALUE"""),57297.15) -> 57297.15 | H41: =C41/F41 -> 0.41867964 | I41: =C41-F41 -> -33308 | J41: =((I41-$I$129)/$I$130) -> -0.59014257 | K41: =C41/F41 -> 0.41867964 | L41: =AVERAGE(C22:C41) -> 23565.695 | M41: =(C41-L41)/C41 -> 0.017651938 | N41: =AVERAGE(F22:F41) -> 54756.978 | O41: =(F41-N41)/F41 -> 0.044333313 | P41: =M41-O41 -> -0.026681375
B42: =IFERROR(__xludf.DUMMYFUNCTION("""COMPUTED_VALUE"""),46190.64583333333) -> 46190.646 | C42: =IFERROR(__xludf.DUMMYFUNCTION("""COMPUTED_VALUE"""),24085.7) -> 24085.7 | E42: =IFERROR(__xludf.DUMMYFUNCTION("""COMPUTED_VALUE"""),46190.64583333333) -> 46190.646 | F42: =IFERROR(__xludf.DUMMYFUNCTION("""COMPUTED_VALUE"""),57585.05) -> 57585.05 | H42: =C42/F42 -> 0.41826307 | I42: =C42-F42 -> -33499.35 | J42: =((I42-$I$129)/$I$130) -> -0.74589583 | K42: =C42/F42 -> 0.41826307 | L42: =AVERAGE(C23:C42) -> 23589.08 | M42: =(C42-L42)/C42 -> 0.020618873 | N42: =AVERAGE(F23:F42) -> 54965.772 | O42: =(F42-N42)/F42 -> 0.045485373 | P42: =M42-O42 -> -0.0248665
B43: =IFERROR(__xludf.DUMMYFUNCTION("""COMPUTED_VALUE"""),46191.64583333333) -> 46191.646 | C43: =IFERROR(__xludf.DUMMYFUNCTION("""COMPUTED_VALUE"""),24168.0) -> 24168 | E43: =IFERROR(__xludf.DUMMYFUNCTION("""COMPUTED_VALUE"""),46191.64583333333) -> 46191.646 | F43: =IFERROR(__xludf.DUMMYFUNCTION("""COMPUTED_VALUE"""),57963.8) -> 57963.8 | H43: =C43/F43 -> 0.41694989 | I43: =C43-F43 -> -33795.8 | J43: =((I43-$I$129)/$I$130) -> -0.98719739 | K43: =C43/F43 -> 0.41694989 | L43: =AVERAGE(C24:C43) -> 23614.53 | M43: =(C43-L43)/C43 -> 0.022900943 | N43: =AVERAGE(F24:F43) -> 55185.853 | O43: =(F43-N43)/F43 -> 0.047925559 | P43: =M43-O43 -> -0.025024615
B44: =IFERROR(__xludf.DUMMYFUNCTION("""COMPUTED_VALUE"""),46192.64583333333) -> 46192.646 | C44: =IFERROR(__xludf.DUMMYFUNCTION("""COMPUTED_VALUE"""),24013.1) -> 24013.1 | E44: =IFERROR(__xludf.DUMMYFUNCTION("""COMPUTED_VALUE"""),46192.64583333333) -> 46192.646 | F44: =IFERROR(__xludf.DUMMYFUNCTION("""COMPUTED_VALUE"""),57685.75) -> 57685.75 | H44: =C44/F44 -> 0.41627438 | I44: =C44-F44 -> -33672.65 | J44: =((I44-$I$129)/$I$130) -> -0.88695692 | K44: =C44/F44 -> 0.41627438 | L44: =AVERAGE(C25:C44) -> 23632.45 | M44: =(C44-L44)/C44 -> 0.015851764 | N44: =AVERAGE(F25:F44) -> 55398.17 | O44: =(F44-N44)/F44 -> 0.039655894 | P44: =M44-O44 -> -0.02380413
B45: =IFERROR(__xludf.DUMMYFUNCTION("""COMPUTED_VALUE"""),46195.64583333333) -> 46195.646 | C45: =IFERROR(__xludf.DUMMYFUNCTION("""COMPUTED_VALUE"""),24102.9) -> 24102.9 | E45: =IFERROR(__xludf.DUMMYFUNCTION("""COMPUTED_VALUE"""),46195.64583333333) -> 46195.646 | F45: =IFERROR(__xludf.DUMMYFUNCTION("""COMPUTED_VALUE"""),57935.6) -> 57935.6 | H45: =C45/F45 -> 0.41602918 | I45: =C45-F45 -> -33832.7 | J45: =((I45-$I$129)/$I$130) -> -1.0172329 | K45: =C45/F45 -> 0.41602918 | L45: =AVERAGE(C26:C45) -> 23651.63 | M45: =(C45-L45)/C45 -> 0.018722643 | N45: =AVERAGE(F26:F45) -> 55592.183 | O45: =(F45-N45)/F45 -> 0.040448662 | P45: =M45-O45 -> -0.021726019
B46: =IFERROR(__xludf.DUMMYFUNCTION("""COMPUTED_VALUE"""),46196.64583333333) -> 46196.646 | C46: =IFERROR(__xludf.DUMMYFUNCTION("""COMPUTED_VALUE"""),23824.1) -> 23824.1 | E46: =IFERROR(__xludf.DUMMYFUNCTION("""COMPUTED_VALUE"""),46196.64583333333) -> 46196.646 | F46: =IFERROR(__xludf.DUMMYFUNCTION("""COMPUTED_VALUE"""),57183.75) -> 57183.75 | H46: =C46/F46 -> 0.4166236 | I46: =C46-F46 -> -33359.65 | J46: =((I46-$I$129)/$I$130) -> -0.63218415 | K46: =C46/F46 -> 0.4166236 | L46: =AVERAGE(C27:C46) -> 23641.25 | M46: =(C46-L46)/C46 -> 0.0076750014 | N46: =AVERAGE(F27:F46) -> 55686.688 | O46: =(F46-N46)/F46 -> 0.026179859 | P46: =M46-O46 -> -0.018504857
B47: =IFERROR(__xludf.DUMMYFUNCTION("""COMPUTED_VALUE"""),46197.64583333333) -> 46197.646 | C47: =IFERROR(__xludf.DUMMYFUNCTION("""COMPUTED_VALUE"""),24021.65) -> 24021.65 | E47: =IFERROR(__xludf.DUMMYFUNCTION("""COMPUTED_VALUE"""),46197.64583333333) -> 46197.646 | F47: =IFERROR(__xludf.DUMMYFUNCTION("""COMPUTED_VALUE"""),58150.35) -> 58150.35 | H47: =C47/F47 -> 0.41309554 | I47: =C47-F47 -> -34128.7 | J47: =((I47-$I$129)/$I$130) -> -1.2581682 | K47: =C47/F47 -> 0.41309554 | L47: =AVERAGE(C28:C47) -> 23646.647 | M47: =(C47-L47)/C47 -> 0.015611022 | N47: =AVERAGE(F28:F47) -> 55839.56 | O47: =(F47-N47)/F47 -> 0.039738196 | P47: =M47-O47 -> -0.024127174
B48: =IFERROR(__xludf.DUMMYFUNCTION("""COMPUTED_VALUE"""),46198.64583333333) -> 46198.646 | C48: =IFERROR(__xludf.DUMMYFUNCTION("""COMPUTED_VALUE"""),24056.0) -> 24056 | E48: =IFERROR(__xludf.DUMMYFUNCTION("""COMPUTED_VALUE"""),46198.64583333333) -> 46198.646 | F48: =IFERROR(__xludf.DUMMYFUNCTION("""COMPUTED_VALUE"""),58177.05) -> 58177.05 | H48: =C48/F48 -> 0.41349639 | I48: =C48-F48 -> -34121.05 | J48: =((I48-$I$129)/$I$130) -> -1.2519413 | K48: =C48/F48 -> 0.41349639 | L48: =AVERAGE(C29:C48) -> 23654.09 | M48: =(C48-L48)/C48 -> 0.016707266 | N48: =AVERAGE(F29:F48) -> 56005.72 | O48: =(F48-N48)/F48 -> 0.037322793 | P48: =M48-O48 -> -0.020615527
B49: =IFERROR(__xludf.DUMMYFUNCTION("""COMPUTED_VALUE"""),46202.64583333333) -> 46202.646 | C49: =IFERROR(__xludf.DUMMYFUNCTION("""COMPUTED_VALUE"""),23946.25) -> 23946.25 | E49: =IFERROR(__xludf.DUMMYFUNCTION("""COMPUTED_VALUE"""),46202.64583333333) -> 46202.646 | F49: =IFERROR(__xludf.DUMMYFUNCTION("""COMPUTED_VALUE"""),57727.35) -> 57727.35 | H49: =C49/F49 -> 0.41481637 | I49: =C49-F49 -> -33781.1 | J49: =((I49-$I$129)/$I$130) -> -0.97523203 | K49: =C49/F49 -> 0.41481637 | L49: =AVERAGE(C30:C49) -> 23674.015 | M49: =(C49-L49)/C49 -> 0.011368586 | N49: =AVERAGE(F30:F49) -> 56180.128 | O49: =(F49-N49)/F49 -> 0.026802244 | P49: =M49-O49 -> -0.015433658
B50: =IFERROR(__xludf.DUMMYFUNCTION("""COMPUTED_VALUE"""),46203.64583333333) -> 46203.646 | C50: =IFERROR(__xludf.DUMMYFUNCTION("""COMPUTED_VALUE"""),23865.75) -> 23865.75 | E50: =IFERROR(__xludf.DUMMYFUNCTION("""COMPUTED_VALUE"""),46203.64583333333) -> 46203.646 | F50: =IFERROR(__xludf.DUMMYFUNCTION("""COMPUTED_VALUE"""),57542.9) -> 57542.9 | H50: =C50/F50 -> 0.41474708 | I50: =C50-F50 -> -33677.15 | J50: =((I50-$I$129)/$I$130) -> -0.89061979 | K50: =C50/F50 -> 0.41474708 | L50: =AVERAGE(C31:C50) -> 23698.173 | M50: =(C50-L50)/C50 -> 0.0070216733 | N50: =AVERAGE(F31:F50) -> 56375.118 | O50: =(F50-N50)/F50 -> 0.02029412 | P50: =M50-O50 -> -0.013272446
B51: =IFERROR(__xludf.DUMMYFUNCTION("""COMPUTED_VALUE"""),46204.64583333333) -> 46204.646 | C51: =IFERROR(__xludf.DUMMYFUNCTION("""COMPUTED_VALUE"""),24005.85) -> 24005.85 | E51: =IFERROR(__xludf.DUMMYFUNCTION("""COMPUTED_VALUE"""),46204.64583333333) -> 46204.646 | F51: =IFERROR(__xludf.DUMMYFUNCTION("""COMPUTED_VALUE"""),58033.05) -> 58033.05 | H51: =C51/F51 -> 0.41365825 | I51: =C51-F51 -> -34027.2 | J51: =((I51-$I$129)/$I$130) -> -1.1755502 | K51: =C51/F51 -> 0.41365825 | L51: =AVERAGE(C32:C51) -> 23724.287 | M51: =(C51-L51)/C51 -> 0.011728912 | N51: =AVERAGE(F32:F51) -> 56591.037 | O51: =(F51-N51)/F51 -> 0.024848125 | P51: =M51-O51 -> -0.013119213
B52: =IFERROR(__xludf.DUMMYFUNCTION("""COMPUTED_VALUE"""),46205.64583333333) -> 46205.646 | C52: =IFERROR(__xludf.DUMMYFUNCTION("""COMPUTED_VALUE"""),24175.7) -> 24175.7 | E52: =IFERROR(__xludf.DUMMYFUNCTION("""COMPUTED_VALUE"""),46205.64583333333) -> 46205.646 | F52: =IFERROR(__xludf.DUMMYFUNCTION("""COMPUTED_VALUE"""),58031.65) -> 58031.65 | H52: =C52/F52 -> 0.41659508 | I52: =C52-F52 -> -33855.95 | J52: =((I52-$I$129)/$I$130) -> -1.0361577 | K52: =C52/F52 -> 0.41659508 | L52: =AVERAGE(C33:C52) -> 23762.792 | M52: =(C52-L52)/C52 -> 0.017079443 | N52: =AVERAGE(F33:F52) -> 56783.323 | O52: =(F52-N52)/F52 -> 0.02151115 | P52: =M52-O52 -> -0.0044317061
B53: =IFERROR(__xludf.DUMMYFUNCTION("""COMPUTED_VALUE"""),46206.64583333333) -> 46206.646 | C53: =IFERROR(__xludf.DUMMYFUNCTION("""COMPUTED_VALUE"""),24270.85) -> 24270.85 | E53: =IFERROR(__xludf.DUMMYFUNCTION("""COMPUTED_VALUE"""),46206.64583333333) -> 46206.646 | F53: =IFERROR(__xludf.DUMMYFUNCTION("""COMPUTED_VALUE"""),57938.5) -> 57938.5 | H53: =C53/F53 -> 0.41890712 | I53: =C53-F53 -> -33667.65 | J53: =((I53-$I$129)/$I$130) -> -0.88288707 | K53: =C53/F53 -> 0.41890712 | L53: =AVERAGE(C34:C53) -> 23805.507 | M53: =(C53-L53)/C53 -> 0.019172897 | N53: =AVERAGE(F34:F53) -> 56964.855 | O53: =(F53-N53)/F53 -> 0.016804802 | P53: =M53-O53 -> 0.0023680951
B54: =IFERROR(__xludf.DUMMYFUNCTION("""COMPUTED_VALUE"""),46209.64583333333) -> 46209.646 | C54: =IFERROR(__xludf.DUMMYFUNCTION("""COMPUTED_VALUE"""),24430.35) -> 24430.35 | E54: =IFERROR(__xludf.DUMMYFUNCTION("""COMPUTED_VALUE"""),46209.64583333333) -> 46209.646 | F54: =IFERROR(__xludf.DUMMYFUNCTION("""COMPUTED_VALUE"""),58291.5) -> 58291.5 | H54: =C54/F54 -> 0.41910656 | I54: =C54-F54 -> -33861.15 | J54: =((I54-$I$129)/$I$130) -> -1.0403904 | K54: =C54/F54 -> 0.41910656 | L54: =AVERAGE(C35:C54) -> 23858.69 | M54: =(C54-L54)/C54 -> 0.023399583 | N54: =AVERAGE(F35:F54) -> 57154.618 | O54: =(F54-N54)/F54 -> 0.019503401 | P54: =M54-O54 -> 0.0038961819
B55: =IFERROR(__xludf.DUMMYFUNCTION("""COMPUTED_VALUE"""),46210.64583333333) -> 46210.646 | C55: =IFERROR(__xludf.DUMMYFUNCTION("""COMPUTED_VALUE"""),24398.7) -> 24398.7 | E55: =IFERROR(__xludf.DUMMYFUNCTION("""COMPUTED_VALUE"""),46210.64583333333) -> 46210.646 | F55: =IFERROR(__xludf.DUMMYFUNCTION("""COMPUTED_VALUE"""),58200.7) -> 58200.7 | H55: =C55/F55 -> 0.41921661 | I55: =C55-F55 -> -33802 | J55: =((I55-$I$129)/$I$130) -> -0.99224401 | K55: =C55/F55 -> 0.41921661 | L55: =AVERAGE(C36:C55) -> 23922.475 | M55: =(C55-L55)/C55 -> 0.019518458 | N55: =AVERAGE(F36:F55) -> 57361.465 | O55: =(F55-N55)/F55 -> 0.014419672 | P55: =M55-O55 -> 0.005098786
B56: =IFERROR(__xludf.DUMMYFUNCTION("""COMPUTED_VALUE"""),46211.64583333333) -> 46211.646 | C56: =IFERROR(__xludf.DUMMYFUNCTION("""COMPUTED_VALUE"""),23882.05) -> 23882.05 | E56: =IFERROR(__xludf.DUMMYFUNCTION("""COMPUTED_VALUE"""),46211.64583333333) -> 46211.646 | F56: =IFERROR(__xludf.DUMMYFUNCTION("""COMPUTED_VALUE"""),56742.6) -> 56742.6 | H56: =C56/F56 -> 0.42088396 | I56: =C56-F56 -> -32860.55 | J56: =((I56-$I$129)/$I$130) -> -0.22593146 | K56: =C56/F56 -> 0.42088396 | L56: =AVERAGE(C37:C56) -> 23954.472 | M56: =(C56-L56)/C56 -> -0.0030325077 | N56: =AVERAGE(F37:F56) -> 57438.87 | O56: =(F56-N56)/F56 -> -0.012270675 | P56: =M56-O56 -> 0.0092381673
B57: =IFERROR(__xludf.DUMMYFUNCTION("""COMPUTED_VALUE"""),46212.64583333333) -> 46212.646 | C57: =IFERROR(__xludf.DUMMYFUNCTION("""COMPUTED_VALUE"""),23962.8) -> 23962.8 | E57: =IFERROR(__xludf.DUMMYFUNCTION("""COMPUTED_VALUE"""),46212.64583333333) -> 46212.646 | F57: =IFERROR(__xludf.DUMMYFUNCTION("""COMPUTED_VALUE"""),57252.45) -> 57252.45 | H57: =C57/F57 -> 0.41854628 | I57: =C57-F57 -> -33289.65 | J57: =((I57-$I$129)/$I$130) -> -0.57520621 | K57: =C57/F57 -> 0.41854628 | L57: =AVERAGE(C38:C57) -> 23991.865 | M57: =(C57-L57)/C57 -> -0.0012129217 | N57: =AVERAGE(F38:F57) -> 57546.478 | O57: =(F57-N57)/F57 -> -0.0051356318 | P57: =M57-O57 -> 0.0039227101
B58: =IFERROR(__xludf.DUMMYFUNCTION("""COMPUTED_VALUE"""),46213.64583333333) -> 46213.646 | C58: =IFERROR(__xludf.DUMMYFUNCTION("""COMPUTED_VALUE"""),24206.9) -> 24206.9 | E58: =IFERROR(__xludf.DUMMYFUNCTION("""COMPUTED_VALUE"""),46213.64583333333) -> 46213.646 | F58: =IFERROR(__xludf.DUMMYFUNCTION("""COMPUTED_VALUE"""),58045.9) -> 58045.9 | H58: =C58/F58 -> 0.41703032 | I58: =C58-F58 -> -33839 | J58: =((I58-$I$129)/$I$130) -> -1.0223609 | K58: =C58/F58 -> 0.41703032 | L58: =AVERAGE(C39:C58) -> 24044.13 | M58: =(C58-L58)/C58 -> 0.0067241159 | N58: =AVERAGE(F39:F58) -> 57689.935 | O58: =(F58-N58)/F58 -> 0.0061324745 | P58: =M58-O58 -> 0.00059164138
B59: =IFERROR(__xludf.DUMMYFUNCTION("""COMPUTED_VALUE"""),46216.64583333333) -> 46216.646 | C59: =IFERROR(__xludf.DUMMYFUNCTION("""COMPUTED_VALUE"""),24211.0) -> 24211 | E59: =IFERROR(__xludf.DUMMYFUNCTION("""COMPUTED_VALUE"""),46216.64583333333) -> 46216.646 | F59: =IFERROR(__xludf.DUMMYFUNCTION("""COMPUTED_VALUE"""),58131.45) -> 58131.45 | H59: =C59/F59 -> 0.41648712 | I59: =C59-F59 -> -33920.45 | J59: =((I59-$I$129)/$I$130) -> -1.0886588 | K59: =C59/F59 -> 0.41648712 | L59: =AVERAGE(C40:C59) -> 24073.535 | M59: =(C59-L59)/C59 -> 0.0056777911 | N59: =AVERAGE(F40:F59) -> 57755.768 | O59: =(F59-N59)/F59 -> 0.0064626377 | P59: =M59-O59 -> -0.00078484661
B60: =IFERROR(__xludf.DUMMYFUNCTION("""COMPUTED_VALUE"""),46217.64583333333) -> 46217.646 | C60: =IFERROR(__xludf.DUMMYFUNCTION("""COMPUTED_VALUE"""),24052.05) -> 24052.05 | E60: =IFERROR(__xludf.DUMMYFUNCTION("""COMPUTED_VALUE"""),46217.64583333333) -> 46217.646 | F60: =IFERROR(__xludf.DUMMYFUNCTION("""COMPUTED_VALUE"""),57462.3) -> 57462.3 | H60: =C60/F60 -> 0.41857096 | I60: =C60-F60 -> -33410.25 | J60: =((I60-$I$129)/$I$130) -> -0.67337106 | K60: =C60/F60 -> 0.41857096 | L60: =AVERAGE(C41:C60) -> 24083.443 | M60: =(C60-L60)/C60 -> -0.0013051902 | N60: =AVERAGE(F41:F60) -> 57768.942 | O60: =(F60-N60)/F60 -> -0.0053364119 | P60: =M60-O60 -> 0.0040312217
B61: =IFERROR(__xludf.DUMMYFUNCTION("""COMPUTED_VALUE"""),46218.64583333333) -> 46218.646 | C61: =IFERROR(__xludf.DUMMYFUNCTION("""COMPUTED_VALUE"""),24078.5) -> 24078.5 | E61: =IFERROR(__xludf.DUMMYFUNCTION("""COMPUTED_VALUE"""),46218.64583333333) -> 46218.646 | F61: =IFERROR(__xludf.DUMMYFUNCTION("""COMPUTED_VALUE"""),57757.85) -> 57757.85 | H61: =C61/F61 -> 0.41688706 | I61: =C61-F61 -> -33679.35 | J61: =((I61-$I$129)/$I$130) -> -0.89241052 | K61: =C61/F61 -> 0.41688706 | L61: =AVERAGE(C42:C61) -> 24087.91 | M61: =(C61-L61)/C61 -> -0.00039080508 | N61: =AVERAGE(F42:F61) -> 57791.978 | O61: =(F61-N61)/F61 -> -0.00059087206 | P61: =M61-O61 -> 0.00020006699
B62: =IFERROR(__xludf.DUMMYFUNCTION("""COMPUTED_VALUE"""),46219.64583333333) -> 46219.646 | C62: =IFERROR(__xludf.DUMMYFUNCTION("""COMPUTED_VALUE"""),24072.75) -> 24072.75 | E62: =IFERROR(__xludf.DUMMYFUNCTION("""COMPUTED_VALUE"""),46219.64583333333) -> 46219.646 | F62: =IFERROR(__xludf.DUMMYFUNCTION("""COMPUTED_VALUE"""),57582.25) -> 57582.25 | H62: =C62/F62 -> 0.41805852 | I62: =C62-F62 -> -33509.5 | J62: =((I62-$I$129)/$I$130) -> -0.75415763 | K62: =C62/F62 -> 0.41805852 | L62: =AVERAGE(C43:C62) -> 24087.263 | M62: =(C62-L62)/C62 -> -0.00060286008 | N62: =AVERAGE(F43:F62) -> 57791.838 | O62: =(F62-N62)/F62 -> -0.0036397935 | P62: =M62-O62 -> 0.0030369334
B63: =IFERROR(__xludf.DUMMYFUNCTION("""COMPUTED_VALUE"""),46220.64583333333) -> 46220.646 | C63: =IFERROR(__xludf.DUMMYFUNCTION("""COMPUTED_VALUE"""),24334.3) -> 24334.3 | E63: =IFERROR(__xludf.DUMMYFUNCTION("""COMPUTED_VALUE"""),46220.64583333333) -> 46220.646 | F63: =IFERROR(__xludf.DUMMYFUNCTION("""COMPUTED_VALUE"""),58521.4) -> 58521.4 | H63: =C63/F63 -> 0.41581883 | I63: =C63-F63 -> -34187.1 | J63: =((I63-$I$129)/$I$130) -> -1.3057041 | K63: =C63/F63 -> 0.41581883 | L63: =AVERAGE(C44:C63) -> 24095.577 | M63: =(C63-L63)/C63 -> 0.009810124 | N63: =AVERAGE(F44:F63) -> 57819.717 | O63: =(F63-N63)/F63 -> 0.011990186 | P63: =M63-O63 -> -0.0021800625
A64: 30 | B64: =IFERROR(__xludf.DUMMYFUNCTION("""COMPUTED_VALUE"""),46223.64583333333) -> 46223.646 | C64: =IFERROR(__xludf.DUMMYFUNCTION("""COMPUTED_VALUE"""),24238.5) -> 24238.5 | E64: =IFERROR(__xludf.DUMMYFUNCTION("""COMPUTED_VALUE"""),46223.64583333333) -> 46223.646 | F64: =IFERROR(__xludf.DUMMYFUNCTION("""COMPUTED_VALUE"""),57945.0) -> 57945 | H64: =C64/F64 -> 0.41830184 | I64: =C64-F64 -> -33706.5 | J64: =((I64-$I$129)/$I$130) -> -0.91450982 | K64: =C64/F64 -> 0.41830184 | L64: =AVERAGE(C45:C64) -> 24106.847 | M64: =(C64-L64)/C64 -> 0.0054315449 | N64: =AVERAGE(F45:F64) -> 57832.68 | O64: =(F64-N64)/F64 -> 0.0019383899 | P64: =M64-O64 -> 0.003493155
B65: =IFERROR(__xludf.DUMMYFUNCTION("""COMPUTED_VALUE"""),46224.64583333333) -> 46224.646 | C65: =IFERROR(__xludf.DUMMYFUNCTION("""COMPUTED_VALUE"""),24187.7) -> 24187.7 | E65: =IFERROR(__xludf.DUMMYFUNCTION("""COMPUTED_VALUE"""),46224.64583333333) -> 46224.646 | F65: =IFERROR(__xludf.DUMMYFUNCTION("""COMPUTED_VALUE"""),57835.35) -> 57835.35 | H65: =C65/F65 -> 0.41821654 | I65: =C65-F65 -> -33647.65 | J65: =((I65-$I$129)/$I$130) -> -0.86660766 | K65: =C65/F65 -> 0.41821654 | L65: =AVERAGE(C46:C65) -> 24111.088 | M65: =(C65-L65)/C65 -> 0.0031674157 | N65: =AVERAGE(F46:F65) -> 57827.668 | O65: =(F65-N65)/F65 -> 0.00013283398 | P65: =M65-O65 -> 0.0030345817
B66: =IFERROR(__xludf.DUMMYFUNCTION("""COMPUTED_VALUE"""),46225.64583333333) -> 46225.646 | C66: =IFERROR(__xludf.DUMMYFUNCTION("""COMPUTED_VALUE"""),23996.25) -> 23996.25 | E66: =IFERROR(__xludf.DUMMYFUNCTION("""COMPUTED_VALUE"""),46225.64583333333) -> 46225.646 | F66: =IFERROR(__xludf.DUMMYFUNCTION("""COMPUTED_VALUE"""),57126.8) -> 57126.8 | H66: =C66/F66 -> 0.42005241 | I66: =C66-F66 -> -33130.55 | J66: =((I66-$I$129)/$I$130) -> -0.4457035 | K66: =C66/F66 -> 0.42005241 | L66: =AVERAGE(C47:C66) -> 24119.695 | M66: =(C66-L66)/C66 -> -0.0051443455 | N66: =AVERAGE(F47:F66) -> 57824.82 | O66: =(F66-N66)/F66 -> -0.012218783 | P66: =M66-O66 -> 0.007074438
B67: =IFERROR(__xludf.DUMMYFUNCTION("""COMPUTED_VALUE"""),46226.64583333333) -> 46226.646 | C67: =IFERROR(__xludf.DUMMYFUNCTION("""COMPUTED_VALUE"""),23869.6) -> 23869.6 | E67: =IFERROR(__xludf.DUMMYFUNCTION("""COMPUTED_VALUE"""),46226.64583333333) -> 46226.646 | F67: =IFERROR(__xludf.DUMMYFUNCTION("""COMPUTED_VALUE"""),56592.0) -> 56592 | H67: =C67/F67 -> 0.421784 | I67: =C67-F67 -> -32722.4 | J67: =((I67-$I$129)/$I$130) -> -0.11348143 | K67: =C67/F67 -> 0.421784 | L67: =AVERAGE(C48:C67) -> 24112.092 | M67: =(C67-L67)/C67 -> -0.010159052 | N67: =AVERAGE(F48:F67) -> 57746.902 | O67: =(F67-N67)/F67 -> -0.020407522 | P67: =M67-O67 -> 0.010248471
B68: =IFERROR(__xludf.DUMMYFUNCTION("""COMPUTED_VALUE"""),46227.64583333333) -> 46227.646 | C68: =IFERROR(__xludf.DUMMYFUNCTION("""COMPUTED_VALUE"""),23767.45) -> 23767.45 | E68: =IFERROR(__xludf.DUMMYFUNCTION("""COMPUTED_VALUE"""),46227.64583333333) -> 46227.646 | F68: =IFERROR(__xludf.DUMMYFUNCTION("""COMPUTED_VALUE"""),56693.5) -> 56693.5 | H68: =C68/F68 -> 0.41922707 | I68: =C68-F68 -> -32926.05 | J68: =((I68-$I$129)/$I$130) -> -0.27924653 | K68: =C68/F68 -> 0.41922707 | L68: =AVERAGE(C49:C68) -> 24097.665 | M68: =(C68-L68)/C68 -> -0.013893581 | N68: =AVERAGE(F49:F68) -> 57672.725 | O68: =(F68-N68)/F68 -> -0.017272262 | P68: =M68-O68 -> 0.0033786809
B69: =IFERROR(__xludf.DUMMYFUNCTION("""COMPUTED_VALUE"""),46230.64583333333) -> 46230.646 | C69: =IFERROR(__xludf.DUMMYFUNCTION("""COMPUTED_VALUE"""),23995.95) -> 23995.95 | E69: =IFERROR(__xludf.DUMMYFUNCTION("""COMPUTED_VALUE"""),46230.64583333333) -> 46230.646 | F69: =IFERROR(__xludf.DUMMYFUNCTION("""COMPUTED_VALUE"""),57087.2) -> 57087.2 | H69: =C69/F69 -> 0.42033853 | I69: =C69-F69 -> -33091.25 | J69: =((I69-$I$129)/$I$130) -> -0.41371446 | K69: =C69/F69 -> 0.42033853 | L69: =AVERAGE(C50:C69) -> 24100.15 | M69: =(C69-L69)/C69 -> -0.0043423994 | N69: =AVERAGE(F50:F69) -> 57640.717 | O69: =(F69-N69)/F69 -> -0.0096960002 | P69: =M69-O69 -> 0.0053536007
B70: =IFERROR(__xludf.DUMMYFUNCTION("""COMPUTED_VALUE"""),46231.64583333333) -> 46231.646 | C70: =IFERROR(__xludf.DUMMYFUNCTION("""COMPUTED_VALUE"""),23985.35) -> 23985.35 | E70: =IFERROR(__xludf.DUMMYFUNCTION("""COMPUTED_VALUE"""),46231.64583333333) -> 46231.646 | F70: =IFERROR(__xludf.DUMMYFUNCTION("""COMPUTED_VALUE"""),56755.6) -> 56755.6 | H70: =C70/F70 -> 0.42260764 | I70: =C70-F70 -> -32770.25 | J70: =((I70-$I$129)/$I$130) -> -0.15242992 | K70: =C70/F70 -> 0.42260764 | L70: =AVERAGE(C51:C70) -> 24106.13 | M70: =(C70-L70)/C70 -> -0.0050355738 | N70: =AVERAGE(F51:F70) -> 57601.353 | O70: =(F70-N70)/F70 -> -0.014901657 | P70: =M70-O70 -> 0.0098660835
B71: =IFERROR(__xludf.DUMMYFUNCTION("""COMPUTED_VALUE"""),46232.64583333333) -> 46232.646 | C71: =IFERROR(__xludf.DUMMYFUNCTION("""COMPUTED_VALUE"""),24250.2) -> 24250.2 | E71: =IFERROR(__xludf.DUMMYFUNCTION("""COMPUTED_VALUE"""),46232.64583333333) -> 46232.646 | F71: =IFERROR(__xludf.DUMMYFUNCTION("""COMPUTED_VALUE"""),57205.9) -> 57205.9 | H71: =C71/F71 -> 0.42391082 | I71: =C71-F71 -> -32955.7 | J71: =((I71-$I$129)/$I$130) -> -0.30338076 | K71: =C71/F71 -> 0.42391082 | L71: =AVERAGE(C52:C71) -> 24118.347 | M71: =(C71-L71)/C71 -> 0.0054371717 | N71: =AVERAGE(F52:F71) -> 57559.995 | O71: =(F71-N71)/F71 -> -0.0061898336 | P71: =M71-O71 -> 0.011627005
B72: =IFERROR(__xludf.DUMMYFUNCTION("""COMPUTED_VALUE"""),46233.64583333333) -> 46233.646 | C72: =IFERROR(__xludf.DUMMYFUNCTION("""COMPUTED_VALUE"""),24317.15) -> 24317.15 | E72: =IFERROR(__xludf.DUMMYFUNCTION("""COMPUTED_VALUE"""),46233.64583333333) -> 46233.646 | F72: =IFERROR(__xludf.DUMMYFUNCTION("""COMPUTED_VALUE"""),57147.5) -> 57147.5 | H72: =C72/F72 -> 0.42551555 | I72: =C72-F72 -> -32830.35 | J72: =((I72-$I$129)/$I$130) -> -0.20134955 | K72: =C72/F72 -> 0.42551555 | L72: =AVERAGE(C53:C72) -> 24125.42 | M72: =(C72-L72)/C72 -> 0.0078845588 | N72: =AVERAGE(F53:F72) -> 57515.787 | O72: =(F72-N72)/F72 -> -0.0064445076 | P72: =M72-O72 -> 0.014329066
B73: =IFERROR(__xludf.DUMMYFUNCTION("""COMPUTED_VALUE"""),46234.64583333333) -> 46234.646 | C73: =IFERROR(__xludf.DUMMYFUNCTION("""COMPUTED_VALUE"""),24383.6) -> 24383.6 | E73: =IFERROR(__xludf.DUMMYFUNCTION("""COMPUTED_VALUE"""),46234.64583333333) -> 46234.646 | F73: =IFERROR(__xludf.DUMMYFUNCTION("""COMPUTED_VALUE"""),57264.85) -> 57264.85 | H73: =C73/F73 -> 0.42580396 | I73: =C73-F73 -> -32881.25 | J73: =((I73-$I$129)/$I$130) -> -0.24278065 | K73: =C73/F73 -> 0.42580396 | L73: =AVERAGE(C54:C73) -> 24131.057 | M73: =(C73-L73)/C73 -> 0.010357064 | N73: =AVERAGE(F54:F73) -> 57482.105 | O73: =(F73-N73)/F73 -> -0.0037938631 | P73: =M73-O73 -> 0.014150927
A74: 20 | B74: =IFERROR(__xludf.DUMMYFUNCTION("""COMPUTED_VALUE"""),46237.64583333333) -> 46237.646 | C74: =IFERROR(__xludf.DUMMYFUNCTION("""COMPUTED_VALUE"""),24774.3) -> 24774.3 | E74: =IFERROR(__xludf.DUMMYFUNCTION("""COMPUTED_VALUE"""),46237.64583333333) -> 46237.646 | F74: =IFERROR(__xludf.DUMMYFUNCTION("""COMPUTED_VALUE"""),58247.95) -> 58247.95 | H74: =C74/F74 -> 0.42532484 | I74: =C74-F74 -> -33473.65 | J74: =((I74-$I$129)/$I$130) -> -0.72497679 | K74: =C74/F74 -> 0.42532484 | L74: =AVERAGE(C55:C74) -> 24148.255 | M74: =(C74-L74)/C74 -> 0.025269937 | N74: =AVERAGE(F55:F74) -> 57479.927 | O74: =(F74-N74)/F74 -> 0.0131854 | P74: =M74-O74 -> 0.012084537
B75: =IFERROR(__xludf.DUMMYFUNCTION("""COMPUTED_VALUE"""),46238.64583333333) -> 46238.646 | C75: =IFERROR(__xludf.DUMMYFUNCTION("""COMPUTED_VALUE"""),24614.9) -> 24614.9 | E75: =IFERROR(__xludf.DUMMYFUNCTION("""COMPUTED_VALUE"""),46238.64583333333) -> 46238.646 | F75: =IFERROR(__xludf.DUMMYFUNCTION("""COMPUTED_VALUE"""),57907.2) -> 57907.2 | H75: =C75/F75 -> 0.42507495 | I75: =C75-F75 -> -33292.3 | J75: =((I75-$I$129)/$I$130) -> -0.57736323 | K75: =C75/F75 -> 0.42507495 | L75: =AVERAGE(C56:C75) -> 24159.065 | M75: =(C75-L75)/C75 -> 0.018518661 | N75: =AVERAGE(F56:F75) -> 57465.253 | O75: =(F75-N75)/F75 -> 0.0076319957 | P75: =M75-O75 -> 0.010886666
B76: =IFERROR(__xludf.DUMMYFUNCTION("""COMPUTED_VALUE"""),46239.64583333333) -> 46239.646 | C76: =IFERROR(__xludf.DUMMYFUNCTION("""COMPUTED_VALUE"""),24624.65) -> 24624.65 | E76: =IFERROR(__xludf.DUMMYFUNCTION("""COMPUTED_VALUE"""),46239.64583333333) -> 46239.646 | F76: =IFERROR(__xludf.DUMMYFUNCTION("""COMPUTED_VALUE"""),57739.95) -> 57739.95 | H76: =C76/F76 -> 0.42647508 | I76: =C76-F76 -> -33115.3 | J76: =((I76-$I$129)/$I$130) -> -0.43329045 | K76: =C76/F76 -> 0.42647508 | L76: =AVERAGE(C57:C76) -> 24196.195 | M76: =(C76-L76)/C76 -> 0.017399435 | N76: =AVERAGE(F57:F76) -> 57515.12 | O76: =(F76-N76)/F76 -> 0.0038938378 | P76: =M76-O76 -> 0.013505597
B77: =IFERROR(__xludf.DUMMYFUNCTION("""COMPUTED_VALUE"""),46240.64583333333) -> 46240.646 | C77: =IFERROR(__xludf.DUMMYFUNCTION("""COMPUTED_VALUE"""),24636.0) -> 24636 | E77: =IFERROR(__xludf.DUMMYFUNCTION("""COMPUTED_VALUE"""),46240.64583333333) -> 46240.646 | F77: =IFERROR(__xludf.DUMMYFUNCTION("""COMPUTED_VALUE"""),58063.65) -> 58063.65 | H77: =C77/F77 -> 0.424293 | I77: =C77-F77 -> -33427.65 | J77: =((I77-$I$129)/$I$130) -> -0.68753414 | K77: =C77/F77 -> 0.424293 | L77: =AVERAGE(C58:C77) -> 24229.855 | M77: =(C77-L77)/C77 -> 0.016485834 | N77: =AVERAGE(F58:F77) -> 57555.68 | O77: =(F77-N77)/F77 -> 0.0087485027 | P77: =M77-O77 -> 0.007737331
B78: =IFERROR(__xludf.DUMMYFUNCTION("""COMPUTED_VALUE"""),46241.64583333333) -> 46241.646 | C78: =IFERROR(__xludf.DUMMYFUNCTION("""COMPUTED_VALUE"""),24570.65) -> 24570.65 | E78: =IFERROR(__xludf.DUMMYFUNCTION("""COMPUTED_VALUE"""),46241.64583333333) -> 46241.646 | F78: =IFERROR(__xludf.DUMMYFUNCTION("""COMPUTED_VALUE"""),57746.45) -> 57746.45 | H78: =C78/F78 -> 0.42549196 | I78: =C78-F78 -> -33175.8 | J78: =((I78-$I$129)/$I$130) -> -0.48253567 | K78: =C78/F78 -> 0.42549196 | L78: =AVERAGE(C59:C78) -> 24248.042 | M78: =(C78-L78)/C78 -> 0.013129791 | N78: =AVERAGE(F59:F78) -> 57540.707 | O78: =(F78-N78)/F78 -> 0.0035628597 | P78: =M78-O78 -> 0.0095669313
B79: =IFERROR(__xludf.DUMMYFUNCTION("""COMPUTED_VALUE"""),46244.64583333333) -> 46244.646 | C79: =IFERROR(__xludf.DUMMYFUNCTION("""COMPUTED_VALUE"""),24583.8) -> 24583.8 | E79: =IFERROR(__xludf.DUMMYFUNCTION("""COMPUTED_VALUE"""),46244.64583333333) -> 46244.646 | F79: =IFERROR(__xludf.DUMMYFUNCTION("""COMPUTED_VALUE"""),57686.95) -> 57686.95 | H79: =C79/F79 -> 0.42615878 | I79: =C79-F79 -> -33103.15 | J79: =((I79-$I$129)/$I$130) -> -0.42340071 | K79: =C79/F79 -> 0.42615878 | L79: =AVERAGE(C60:C79) -> 24266.682 | M79: =(C79-L79)/C79 -> 0.01289945 | N79: =AVERAGE(F60:F79) -> 57518.482 | O79: =(F79-N79)/F79 -> 0.0029203745 | P79: =M79-O79 -> 0.0099790755
B80: =IFERROR(__xludf.DUMMYFUNCTION("""COMPUTED_VALUE"""),46245.64583333333) -> 46245.646 | C80: =IFERROR(__xludf.DUMMYFUNCTION("""COMPUTED_VALUE"""),24471.7) -> 24471.7 | E80: =IFERROR(__xludf.DUMMYFUNCTION("""COMPUTED_VALUE"""),46245.64583333333) -> 46245.646 | F80: =IFERROR(__xludf.DUMMYFUNCTION("""COMPUTED_VALUE"""),57446.25) -> 57446.25 | H80: =C80/F80 -> 0.42599299 | I80: =C80-F80 -> -32974.55 | J80: =((I80-$I$129)/$I$130) -> -0.3187241 | K80: =C80/F80 -> 0.42599299 | L80: =AVERAGE(C61:C80) -> 24287.665 | M80: =(C80-L80)/C80 -> 0.0075203194 | N80: =AVERAGE(F61:F80) -> 57517.68 | O80: =(F80-N80)/F80 -> -0.0012434232 | P80: =M80-O80 -> 0.0087637426
B81: =IFERROR(__xludf.DUMMYFUNCTION("""COMPUTED_VALUE"""),46246.64583333333) -> 46246.646 | C81: =IFERROR(__xludf.DUMMYFUNCTION("""COMPUTED_VALUE"""),24435.95) -> 24435.95 | E81: =IFERROR(__xludf.DUMMYFUNCTION("""COMPUTED_VALUE"""),46246.64583333333) -> 46246.646 | F81: =IFERROR(__xludf.DUMMYFUNCTION("""COMPUTED_VALUE"""),57885.85) -> 57885.85 | H81: =C81/F81 -> 0.4221403 | I81: =C81-F81 -> -33449.9 | J81: =((I81-$I$129)/$I$130) -> -0.70564499 | K81: =C81/F81 -> 0.4221403 | L81: =AVERAGE(C62:C81) -> 24305.537 | M81: =(C81-L81)/C81 -> 0.0053369114 | N81: =AVERAGE(F62:F81) -> 57524.08 | O81: =(F81-N81)/F81 -> 0.0062497139 | P81: =M81-O81 -> -0.00091280248
B82: =IFERROR(__xludf.DUMMYFUNCTION("""COMPUTED_VALUE"""),46247.64583333333) -> 46247.646 | C82: =IFERROR(__xludf.DUMMYFUNCTION("""COMPUTED_VALUE"""),24395.85) -> 24395.85 | E82: =IFERROR(__xludf.DUMMYFUNCTION("""COMPUTED_VALUE"""),46247.64583333333) -> 46247.646 | F82: =IFERROR(__xludf.DUMMYFUNCTION("""COMPUTED_VALUE"""),57635.25) -> 57635.25 | H82: =C82/F82 -> 0.42328002 | I82: =C82-F82 -> -33239.4 | J82: =((I82-$I$129)/$I$130) -> -0.53430419 | K82: =C82/F82 -> 0.42328002 | L82: =AVERAGE(C63:C82) -> 24321.693 | M82: =(C82-L82)/C82 -> 0.0030397588 | N82: =AVERAGE(F63:F82) -> 57526.73 | O82: =(F82-N82)/F82 -> 0.0018828755 | P82: =M82-O82 -> 0.0011568833
B83: =IFERROR(__xludf.DUMMYFUNCTION("""COMPUTED_VALUE"""),46248.64583333333) -> 46248.646 | C83: =IFERROR(__xludf.DUMMYFUNCTION("""COMPUTED_VALUE"""),24366.0) -> 24366 | E83: =IFERROR(__xludf.DUMMYFUNCTION("""COMPUTED_VALUE"""),46248.64583333333) -> 46248.646 | F83: =IFERROR(__xludf.DUMMYFUNCTION("""COMPUTED_VALUE"""),57491.1) -> 57491.1 | H83: =C83/F83 -> 0.42382212 | I83: =C83-F83 -> -33125.1 | J83: =((I83-$I$129)/$I$130) -> -0.44126736 | K83: =C83/F83 -> 0.42382212 | L83: =AVERAGE(C64:C83) -> 24323.278 | M83: =(C83-L83)/C83 -> 0.0017533653 | N83: =AVERAGE(F64:F83) -> 57475.215 | O83: =(F83-N83)/F83 -> 0.00027630364 | P83: =M83-O83 -> 0.0014770617
A84: 10 | B84: =IFERROR(__xludf.DUMMYFUNCTION("""COMPUTED_VALUE"""),46251.64583333333) -> 46251.646 | C84: =IFERROR(__xludf.DUMMYFUNCTION("""COMPUTED_VALUE"""),24287.65) -> 24287.65 | E84: =IFERROR(__xludf.DUMMYFUNCTION("""COMPUTED_VALUE"""),46251.64583333333) -> 46251.646 | F84: =IFERROR(__xludf.DUMMYFUNCTION("""COMPUTED_VALUE"""),57497.8) -> 57497.8 | H84: =C84/F84 -> 0.42241007 | I84: =C84-F84 -> -33210.15 | J84: =((I84-$I$129)/$I$130) -> -0.51049556 | K84: =C84/F84 -> 0.42241007 | L84: =AVERAGE(C65:C84) -> 24325.735 | M84: =(C84-L84)/C84 -> -0.0015680809 | N84: =AVERAGE(F65:F84) -> 57452.855 | O84: =(F84-N84)/F84 -> 0.00078168208 | P84: =M84-O84 -> -0.002349763
B85: =IFERROR(__xludf.DUMMYFUNCTION("""COMPUTED_VALUE"""),46252.64583333333) -> 46252.646 | C85: =IFERROR(__xludf.DUMMYFUNCTION("""COMPUTED_VALUE"""),24154.9) -> 24154.9 | E85: =IFERROR(__xludf.DUMMYFUNCTION("""COMPUTED_VALUE"""),46252.64583333333) -> 46252.646 | F85: =IFERROR(__xludf.DUMMYFUNCTION("""COMPUTED_VALUE"""),57262.4) -> 57262.4 | H85: =C85/F85 -> 0.42182829 | I85: =C85-F85 -> -33107.5 | J85: =((I85-$I$129)/$I$130) -> -0.42694148 | K85: =C85/F85 -> 0.42182829 | L85: =AVERAGE(C66:C85) -> 24324.095 | M85: =(C85-L85)/C85 -> -0.0070045829 | N85: =AVERAGE(F66:F85) -> 57424.207 | O85: =(F85-N85)/F85 -> -0.0028257198 | P85: =M85-O85 -> -0.0041788631
B86: =IFERROR(__xludf.DUMMYFUNCTION("""COMPUTED_VALUE"""),46253.64583333333) -> 46253.646 | C86: =IFERROR(__xludf.DUMMYFUNCTION("""COMPUTED_VALUE"""),24078.3) -> 24078.3 | E86: =IFERROR(__xludf.DUMMYFUNCTION("""COMPUTED_VALUE"""),46253.64583333333) -> 46253.646 | F86: =IFERROR(__xludf.DUMMYFUNCTION("""COMPUTED_VALUE"""),57239.75) -> 57239.75 | H86: =C86/F86 -> 0.42065697 | I86: =C86-F86 -> -33161.45 | J86: =((I86-$I$129)/$I$130) -> -0.47085519 | K86: =C86/F86 -> 0.42065697 | L86: =AVERAGE(C67:C86) -> 24328.197 | M86: =(C86-L86)/C86 -> -0.010378536 | N86: =AVERAGE(F67:F86) -> 57429.855 | O86: =(F86-N86)/F86 -> -0.003321206 | P86: =M86-O86 -> -0.0070573299
B87: =IFERROR(__xludf.DUMMYFUNCTION("""COMPUTED_VALUE"""),46254.64583333333) -> 46254.646 | C87: =IFERROR(__xludf.DUMMYFUNCTION("""COMPUTED_VALUE"""),24231.85) -> 24231.85 | E87: =IFERROR(__xludf.DUMMYFUNCTION("""COMPUTED_VALUE"""),46254.64583333333) -> 46254.646 | F87: =IFERROR(__xludf.DUMMYFUNCTION("""COMPUTED_VALUE"""),57495.9) -> 57495.9 | H87: =C87/F87 -> 0.42145353 | I87: =C87-F87 -> -33264.05 | J87: =((I87-$I$129)/$I$130) -> -0.55436857 | K87: =C87/F87 -> 0.42145353 | L87: =AVERAGE(C68:C87) -> 24346.31 | M87: =(C87-L87)/C87 -> -0.0047235353 | N87: =AVERAGE(F68:F87) -> 57475.05 | O87: =(F87-N87)/F87 -> 0.00036263455 | P87: =M87-O87 -> -0.0050861699
B88: =IFERROR(__xludf.DUMMYFUNCTION("""COMPUTED_VALUE"""),46255.64583333333) -> 46255.646 | C88: =IFERROR(__xludf.DUMMYFUNCTION("""COMPUTED_VALUE"""),24252.0) -> 24252 | E88: =IFERROR(__xludf.DUMMYFUNCTION("""COMPUTED_VALUE"""),46255.64583333333) -> 46255.646 | F88: =IFERROR(__xludf.DUMMYFUNCTION("""COMPUTED_VALUE"""),57761.95) -> 57761.95 | H88: =C88/F88 -> 0.41986117 | I88: =C88-F88 -> -33509.95 | J88: =((I88-$I$129)/$I$130) -> -0.75452392 | K88: =C88/F88 -> 0.41986117 | L88: =AVERAGE(C69:C88) -> 24370.537 | M88: =(C88-L88)/C88 -> -0.0048877412 | N88: =AVERAGE(F69:F88) -> 57528.473 | O88: =(F88-N88)/F88 -> 0.004042064 | P88: =M88-O88 -> -0.0089298052
B89: =IFERROR(__xludf.DUMMYFUNCTION("""COMPUTED_VALUE"""),46258.64583333333) -> 46258.646 | C89: =IFERROR(__xludf.DUMMYFUNCTION("""COMPUTED_VALUE"""),24219.05) -> 24219.05 | E89: =IFERROR(__xludf.DUMMYFUNCTION("""COMPUTED_VALUE"""),46258.64583333333) -> 46258.646 | F89: =IFERROR(__xludf.DUMMYFUNCTION("""COMPUTED_VALUE"""),57525.95) -> 57525.95 | H89: =C89/F89 -> 0.42101087 | I89: =C89-F89 -> -33306.9 | J89: =((I89-$I$129)/$I$130) -> -0.5892472 | K89: =C89/F89 -> 0.42101087 | L89: =AVERAGE(C70:C89) -> 24381.693 | M89: =(C89-L89)/C89 -> -0.0067154781 | N89: =AVERAGE(F70:F89) -> 57550.41 | O89: =(F89-N89)/F89 -> -0.00042519941 | P89: =M89-O89 -> -0.0062902787
B90: =IFERROR(__xludf.DUMMYFUNCTION("""COMPUTED_VALUE"""),46259.64583333333) -> 46259.646 | C90: =IFERROR(__xludf.DUMMYFUNCTION("""COMPUTED_VALUE"""),24334.55) -> 24334.55 | E90: =IFERROR(__xludf.DUMMYFUNCTION("""COMPUTED_VALUE"""),46259.64583333333) -> 46259.646 | F90: =IFERROR(__xludf.DUMMYFUNCTION("""COMPUTED_VALUE"""),57514.2) -> 57514.2 | H90: =C90/F90 -> 0.42310508 | I90: =C90-F90 -> -33179.65 | J90: =((I90-$I$129)/$I$130) -> -0.48566946 | K90: =C90/F90 -> 0.42310508 | L90: =AVERAGE(C71:C90) -> 24399.153 | M90: =(C90-L90)/C90 -> -0.0026547645 | N90: =AVERAGE(F71:F90) -> 57588.34 | O90: =(F90-N90)/F90 -> -0.001289073 | P90: =M90-O90 -> -0.0013656916
B91: =IFERROR(__xludf.DUMMYFUNCTION("""COMPUTED_VALUE"""),46260.64583333333) -> 46260.646 | C91: =IFERROR(__xludf.DUMMYFUNCTION("""COMPUTED_VALUE"""),24207.75) -> 24207.75 | E91: =IFERROR(__xludf.DUMMYFUNCTION("""COMPUTED_VALUE"""),46260.64583333333) -> 46260.646 | F91: =IFERROR(__xludf.DUMMYFUNCTION("""COMPUTED_VALUE"""),57783.75) -> 57783.75 | H91: =C91/F91 -> 0.41893698 | I91: =C91-F91 -> -33576 | J91: =((I91-$I$129)/$I$130) -> -0.80828667 | K91: =C91/F91 -> 0.41893698 | L91: =AVERAGE(C72:C91) -> 24397.03 | M91: =(C91-L91)/C91 -> -0.0078189836 | N91: =AVERAGE(F72:F91) -> 57617.232 | O91: =(F91-N91)/F91 -> 0.0028817358 | P91: =M91-O91 -> -0.010700719
B92: =IFERROR(__xludf.DUMMYFUNCTION("""COMPUTED_VALUE"""),46261.64583333333) -> 46261.646 | C92: =IFERROR(__xludf.DUMMYFUNCTION("""COMPUTED_VALUE"""),24090.85) -> 24090.85 | E92: =IFERROR(__xludf.DUMMYFUNCTION("""COMPUTED_VALUE"""),46261.64583333333) -> 46261.646 | F92: =IFERROR(__xludf.DUMMYFUNCTION("""COMPUTED_VALUE"""),57509.95) -> 57509.95 | H92: =C92/F92 -> 0.41889882 | I92: =C92-F92 -> -33419.1 | J92: =((I92-$I$129)/$I$130) -> -0.6805747 | K92: =C92/F92 -> 0.41889882 | L92: =AVERAGE(C73:C92) -> 24385.715 | M92: =(C92-L92)/C92 -> -0.012239709 | N92: =AVERAGE(F73:F92) -> 57635.355 | O92: =(F92-N92)/F92 -> -0.0021805792 | P92: =M92-O92 -> -0.01005913
B93: =IFERROR(__xludf.DUMMYFUNCTION("""COMPUTED_VALUE"""),46262.64583333333) -> 46262.646 | C93: =IFERROR(__xludf.DUMMYFUNCTION("""COMPUTED_VALUE"""),24175.65) -> 24175.65 | E93: =IFERROR(__xludf.DUMMYFUNCTION("""COMPUTED_VALUE"""),46262.64583333333) -> 46262.646 | F93: =IFERROR(__xludf.DUMMYFUNCTION("""COMPUTED_VALUE"""),57496.3) -> 57496.3 | H93: =C93/F93 -> 0.42047314 | I93: =C93-F93 -> -33320.65 | J93: =((I93-$I$129)/$I$130) -> -0.6004393 | K93: =C93/F93 -> 0.42047314 | L93: =AVERAGE(C74:C93) -> 24375.318 | M93: =(C93-L93)/C93 -> -0.0082590334 | N93: =AVERAGE(F74:F93) -> 57646.927 | O93: =(F93-N93)/F93 -> -0.0026197773 | P93: =M93-O93 -> -0.0056392561
B94: =IFERROR(__xludf.DUMMYFUNCTION("""COMPUTED_VALUE"""),46265.64583333333) -> 46265.646 | C94: =IFERROR(__xludf.DUMMYFUNCTION("""COMPUTED_VALUE"""),24080.4) -> 24080.4 | E94: =IFERROR(__xludf.DUMMYFUNCTION("""COMPUTED_VALUE"""),46265.64583333333) -> 46265.646 | F94: =IFERROR(__xludf.DUMMYFUNCTION("""COMPUTED_VALUE"""),58024.95) -> 58024.95 | H94: =C94/F94 -> 0.41500079 | I94: =C94-F94 -> -33944.55 | J94: =((I94-$I$129)/$I$130) -> -1.1082755 | K94: =C94/F94 -> 0.41500079 | L94: =AVERAGE(C75:C94) -> 24340.623 | M94: =(C94-L94)/C94 -> -0.010806403 | N94: =AVERAGE(F75:F94) -> 57635.777 | O94: =(F94-N94)/F94 -> 0.0067069855 | P94: =M94-O94 -> -0.017513388
B95: =IFERROR(__xludf.DUMMYFUNCTION("""COMPUTED_VALUE"""),46266.64583333333) -> 46266.646 | C95: =IFERROR(__xludf.DUMMYFUNCTION("""COMPUTED_VALUE"""),24055.8) -> 24055.8 | E95: =IFERROR(__xludf.DUMMYFUNCTION("""COMPUTED_VALUE"""),46266.64583333333) -> 46266.646 | F95: =IFERROR(__xludf.DUMMYFUNCTION("""COMPUTED_VALUE"""),57409.6) -> 57409.6 | H95: =C95/F95 -> 0.41902051 | I95: =C95-F95 -> -33353.8 | J95: =((I95-$I$129)/$I$130) -> -0.62742242 | K95: =C95/F95 -> 0.41902051 | L95: =AVERAGE(C76:C95) -> 24312.667 | M95: =(C95-L95)/C95 -> -0.010677986 | N95: =AVERAGE(F76:F95) -> 57610.897 | O95: =(F95-N95)/F95 -> -0.0035063387 | P95: =M95-O95 -> -0.0071716475
B96: =IFERROR(__xludf.DUMMYFUNCTION("""COMPUTED_VALUE"""),46267.64583333333) -> 46267.646 | C96: =IFERROR(__xludf.DUMMYFUNCTION("""COMPUTED_VALUE"""),23914.45) -> 23914.45 | E96: =IFERROR(__xludf.DUMMYFUNCTION("""COMPUTED_VALUE"""),46267.64583333333) -> 46267.646 | F96: =IFERROR(__xludf.DUMMYFUNCTION("""COMPUTED_VALUE"""),57172.0) -> 57172 | H96: =C96/F96 -> 0.41828955 | I96: =C96-F96 -> -33257.55 | J96: =((I96-$I$129)/$I$130) -> -0.54907776 | K96: =C96/F96 -> 0.41828955 | L96: =AVERAGE(C77:C96) -> 24277.158 | M96: =(C96-L96)/C96 -> -0.015166876 | N96: =AVERAGE(F77:F96) -> 57582.5 | O96: =(F96-N96)/F96 -> -0.0071800882 | P96: =M96-O96 -> -0.0079867879
B97: =IFERROR(__xludf.DUMMYFUNCTION("""COMPUTED_VALUE"""),46268.64583333333) -> 46268.646 | C97: =IFERROR(__xludf.DUMMYFUNCTION("""COMPUTED_VALUE"""),23873.45) -> 23873.45 | E97: =IFERROR(__xludf.DUMMYFUNCTION("""COMPUTED_VALUE"""),46268.64583333333) -> 46268.646 | F97: =IFERROR(__xludf.DUMMYFUNCTION("""COMPUTED_VALUE"""),57380.6) -> 57380.6 | H97: =C97/F97 -> 0.41605438 | I97: =C97-F97 -> -33507.15 | J97: =((I97-$I$129)/$I$130) -> -0.7522448 | K97: =C97/F97 -> 0.41605438 | L97: =AVERAGE(C78:C97) -> 24239.03 | M97: =(C97-L97)/C97 -> -0.015313245 | N97: =AVERAGE(F78:F97) -> 57548.348 | O97: =(F97-N97)/F97 -> -0.0029234184 | P97: =M97-O97 -> -0.012389827
B98: =IFERROR(__xludf.DUMMYFUNCTION("""COMPUTED_VALUE"""),46269.64583333333) -> 46269.646 | C98: =IFERROR(__xludf.DUMMYFUNCTION("""COMPUTED_VALUE"""),23897.7) -> 23897.7 | E98: =IFERROR(__xludf.DUMMYFUNCTION("""COMPUTED_VALUE"""),46269.64583333333) -> 46269.646 | F98: =IFERROR(__xludf.DUMMYFUNCTION("""COMPUTED_VALUE"""),57369.65) -> 57369.65 | H98: =C98/F98 -> 0.41655649 | I98: =C98-F98 -> -33471.95 | J98: =((I98-$I$129)/$I$130) -> -0.72359304 | K98: =C98/F98 -> 0.41655649 | L98: =AVERAGE(C79:C98) -> 24205.382 | M98: =(C98-L98)/C98 -> -0.012874984 | N98: =AVERAGE(F79:F98) -> 57529.507 | O98: =(F98-N98)/F98 -> -0.0027864472 | P98: =M98-O98 -> -0.010088537
B99: =IFERROR(__xludf.DUMMYFUNCTION("""COMPUTED_VALUE"""),46272.64583333333) -> 46272.646 | C99: =IFERROR(__xludf.DUMMYFUNCTION("""COMPUTED_VALUE"""),23779.15) -> 23779.15 | E99: =IFERROR(__xludf.DUMMYFUNCTION("""COMPUTED_VALUE"""),46272.64583333333) -> 46272.646 | F99: =IFERROR(__xludf.DUMMYFUNCTION("""COMPUTED_VALUE"""),57088.3) -> 57088.3 | H99: =C99/F99 -> 0.41653281 | I99: =C99-F99 -> -33309.15 | J99: =((I99-$I$129)/$I$130) -> -0.59107864 | K99: =C99/F99 -> 0.41653281 | L99: =AVERAGE(C80:C99) -> 24165.15 | M99: =(C99-L99)/C99 -> -0.016232708 | N99: =AVERAGE(F80:F99) -> 57499.575 | O99: =(F99-N99)/F99 -> -0.0072041907 | P99: =M99-O99 -> -0.0090285174
B100: =IFERROR(__xludf.DUMMYFUNCTION("""COMPUTED_VALUE"""),46273.64583333333) -> 46273.646 | C100: =IFERROR(__xludf.DUMMYFUNCTION("""COMPUTED_VALUE"""),23635.1) -> 23635.1 | E100: =IFERROR(__xludf.DUMMYFUNCTION("""COMPUTED_VALUE"""),46273.64583333333) -> 46273.646 | F100: =IFERROR(__xludf.DUMMYFUNCTION("""COMPUTED_VALUE"""),56777.55) -> 56777.55 | H100: =C100/F100 -> 0.41627545 | I100: =C100-F100 -> -33142.45 | J100: =((I100-$I$129)/$I$130) -> -0.45538975 | K100: =C100/F100 -> 0.41627545 | L100: =AVERAGE(C81:C100) -> 24123.32 | M100: =(C100-L100)/C100 -> -0.020656566 | N100: =AVERAGE(F81:F100) -> 57466.14 | O100: =(F100-N100)/F100 -> -0.012127857 | P100: =M100-O100 -> -0.008528709
...

Sheet ICICIBANK-HDFCBANK
B1: SMA 20 | C1: =AVERAGE(C98:C118) -> 1351.7095 | E1: SMA 20 | F1: =AVERAGE(F98:F118) -> 717.35952 | G1: =STDEV(F74:F93) -> 8.5161472 | O1: AVERAGE | P1: MAX | Q1: MIN | S1: Row | T1: ICICI | U1: HDFC | V1: RATIO | W1: 120 DAYS DATA | X1: UNILEVER
B2: SMA 30 | C2: =AVERAGE(C88:C118) -> 1377.029 | E2: SMA 30 | F2: =AVERAGE(F88:F118) -> 717.25323 | L2: CORELATION-30D | M2: =CORREL(C88:C118,F88:F118) -> -0.31463454 | N2: RATIO SPREAD-30D | O2: =AVERAGE(H88:H116) -> 1.9230783 | P2: =MAX(H88:H116) -> 2.0507757 | Q2: =MIN(H88:H116) -> 1.7880172 | R2: =P2-Q2 -> 0.26275858 | S2: =MATCH(MAX(H11:H116), H11:H116, 0) -> 84 | T2: {=INDEX(C11:C116, MATCH(MAX(H11:H116), H11:H116, 0))} -> 1454 | U2: {=INDEX(F11:F116, MATCH(MAX(H11:H116), H11:H116, 0))} -> 709 | V2: =T2/U2 -> 2.0507757 | W2: MAX | X2: 2711
A3: =STDEV(C75:C93) -> 15.834467 | B3: Max Price in 20 D | C3: =max(C98:C118) -> 1427.5 | D3: =C1+A3*2 -> 1383.3785 | E3: Max Price in 20 D | F3: =max(F98:F118) -> 739.5 | G3: =F1+G1*2 -> 734.39182 | L3: CORELATION-60D | M3: =CORREL(C58:C118,F58:F118) -> 0.25893018 | N3: RATIO SPREAD-60D | O3: =AVERAGE((H58:H116)) -> 1.9110265 | P3: =MAX(H58:H116) -> 2.0507757 | Q3: =MIN(H58:H116) -> 1.6985272 | R3: =P3-Q3 -> 0.35224856 | S3: =MATCH(Min(H11:H116), H11:H116, 0) -> 3 | T3: {=INDEX(C11:C116, MATCH(Min(H11:H116), H11:H116, 0))} -> 1279.5 | U3: {=INDEX(F11:F116, MATCH(MIN(H11:H116), H11:H116, 0))} -> 796.55 | V3: =T3/U3 -> 1.6063022 | W3: MIN
B4: MIN Price in 20 D | C4: =MIN(C98:C118) -> 1292.2 | D4: =C1-A3*2 -> 1320.0406 | E4: MIN Price in 20 D | F4: =MIN(F98:F118) -> 687.1 | G4: =F1-G1*2 -> 700.32723 | L4: CORELATION-90D | M4: =CORREL(C28:C118,F28:F118) -> 0.021267034 | N4: RATIO SPREAD-90D | O4: =AVERAGE(H28:H116) -> 1.843185 | P4: =MAX(H28:H116) -> 2.0507757 | Q4: =MIN(H28:H116) -> 1.6392917 | R4: =P4-Q4 -> 0.41148406
B5: Max Price in 10 D | C5: =max(C108:C118) -> 1345 | D5: =C1+A3 -> 1367.544 | E5: Max Price in 10 D | F5: =max(F108:F118) -> 739.5 | G5: =F1+G1 -> 725.87567 | L5: CORELATION-120D | M5: =CORREL(C11:C118,F11:F118) -> -0.11222442 | N5: RATIO SPREAD-120D | O5: =AVERAGE(H11:H116) -> 1.8092543 | P5: =MAX(H11:H116) -> 2.0507757 | Q5: =MIN(H11:H116) -> 1.6063022 | R5: =P5-Q5 -> 0.44447356 | S5: ICICI | T5: 1 | U5: =T2*T7*T5 -> 1017800 | V5: =U2*T6*T8 -> 389950
B6: MIN Price in 10 D | C6: =MIN(C108:C118) -> 1292.2 | D6: =C1-A3 -> 1335.8751 | E6: MIN Price in 10 D | F6: =MIN(F108:F118) -> 704.8 | G6: =F1-G1 -> 708.84338 | S6: HDFC | T6: 1 | U6: =T3*T5*T7 -> 895650 | V6: =U3*T6*T8 -> 438102.5
B7: Max Price in 30D | C7: =max(C88:C118) -> 1454 | E7: Max Price in 30D | F7: =max(F88:F118) -> 739.5 | S7: ICICI | T7: 700
B8: Mean 20D | C8: =AVERAGE(C98:C118) -> 1351.7095 | E8: Mean 20D | F8: =AVERAGE(F98:F118) -> 717.35952 | S8: HDFC | T8: 550
B9: NSE:ICICIBANK | E9: NSE:HDFCBANK
B10: =IFERROR(__xludf.DUMMYFUNCTION("GOOGLEFINANCE(B9,""price"",TODAY()-166,TODAY())"),"Date") -> Date | C10: =IFERROR(__xludf.DUMMYFUNCTION("""COMPUTED_VALUE"""),"Close") -> Close | E10: =IFERROR(__xludf.DUMMYFUNCTION("GOOGLEFINANCE(E9,""price"",TODAY()-166,TODAY())"),"Date") -> Date | F10: =IFERROR(__xludf.DUMMYFUNCTION("""COMPUTED_VALUE"""),"Close") -> Close | H10: Ratio Spread | I10: Spread of Price | J10: Z score | K10: ICICI BANK MEAN | L10: ICICI DIVERGENCE | M10: HDFC BANKMEAN | N10: HDFCBANK DIVERGENCE | O10: DIVERGENCE GAP | X10: AVERAGE | Y10: ICICI | Z10: HDFC
B11: =IFERROR(__xludf.DUMMYFUNCTION("""COMPUTED_VALUE"""),46146.64583333333) -> 46146.646 | C11: =IFERROR(__xludf.DUMMYFUNCTION("""COMPUTED_VALUE"""),1270.8) -> 1270.8 | E11: =IFERROR(__xludf.DUMMYFUNCTION("""COMPUTED_VALUE"""),46146.64583333333) -> 46146.646 | F11: =IFERROR(__xludf.DUMMYFUNCTION("""COMPUTED_VALUE"""),779.4) -> 779.4 | H11: =C11/F11 -> 1.630485 | I11: =C11-F11 -> 491.4 | J11: =((I11-$I$129)/$I$130) -> -1.3943157 | U11: =U5-U6 -> 122150 | V11: =V6-V5 -> 48152.5 | W11: =U11+V11 -> 170302.5 | X11: 30 DAy | Y11: =AVERAGE(C88,C118) -> 1381.4 | Z11: =AVERAGE(F88,F118) -> 719.2
B12: =IFERROR(__xludf.DUMMYFUNCTION("""COMPUTED_VALUE"""),46147.64583333333) -> 46147.646 | C12: =IFERROR(__xludf.DUMMYFUNCTION("""COMPUTED_VALUE"""),1251.3) -> 1251.3 | E12: =IFERROR(__xludf.DUMMYFUNCTION("""COMPUTED_VALUE"""),46147.64583333333) -> 46147.646 | F12: =IFERROR(__xludf.DUMMYFUNCTION("""COMPUTED_VALUE"""),772.3) -> 772.3 | H12: =C12/F12 -> 1.6202253 | I12: =C12-F12 -> 479 | J12: =((I12-$I$129)/$I$130) -> -1.5438173 | S12: INPUT VALUE | T12: =R2/2 -> 0.13137929 | X12: 60 DAys | Y12: =AVERAGE(C58,C118) -> 1372 | Z12: =AVERAGE(F58,F118) -> 768.2
B13: =IFERROR(__xludf.DUMMYFUNCTION("""COMPUTED_VALUE"""),46148.64583333333) -> 46148.646 | C13: =IFERROR(__xludf.DUMMYFUNCTION("""COMPUTED_VALUE"""),1279.5) -> 1279.5 | E13: =IFERROR(__xludf.DUMMYFUNCTION("""COMPUTED_VALUE"""),46148.64583333333) -> 46148.646 | F13: =IFERROR(__xludf.DUMMYFUNCTION("""COMPUTED_VALUE"""),796.55) -> 796.55 | H13: =C13/F13 -> 1.6063022 | I13: =C13-F13 -> 482.95 | J13: =((I13-$I$129)/$I$130) -> -1.4961938 | T13: =(W11*T12)/R2 -> 85151.25 | W13: =W11/(Q2/T12) -> 12513.427 | X13: 90 Days | Y13: =AVERAGE(C28,C118) -> 1307.75 | Z13: =AVERAGE(F28,F118) -> 735.05
B14: =IFERROR(__xludf.DUMMYFUNCTION("""COMPUTED_VALUE"""),46149.64583333333) -> 46149.646 | C14: =IFERROR(__xludf.DUMMYFUNCTION("""COMPUTED_VALUE"""),1279.0) -> 1279 | E14: =IFERROR(__xludf.DUMMYFUNCTION("""COMPUTED_VALUE"""),46149.64583333333) -> 46149.646 | F14: =IFERROR(__xludf.DUMMYFUNCTION("""COMPUTED_VALUE"""),796.05) -> 796.05 | H14: =C14/F14 -> 1.606683 | I14: =C14-F14 -> 482.95 | J14: =((I14-$I$129)/$I$130) -> -1.4961938
B15: =IFERROR(__xludf.DUMMYFUNCTION("""COMPUTED_VALUE"""),46150.64583333333) -> 46150.646 | C15: =IFERROR(__xludf.DUMMYFUNCTION("""COMPUTED_VALUE"""),1264.8) -> 1264.8 | E15: =IFERROR(__xludf.DUMMYFUNCTION("""COMPUTED_VALUE"""),46150.64583333333) -> 46150.646 | F15: =IFERROR(__xludf.DUMMYFUNCTION("""COMPUTED_VALUE"""),780.85) -> 780.85 | H15: =C15/F15 -> 1.6197733 | I15: =C15-F15 -> 483.95 | J15: =((I15-$I$129)/$I$130) -> -1.4841372
B16: =IFERROR(__xludf.DUMMYFUNCTION("""COMPUTED_VALUE"""),46153.64583333333) -> 46153.646 | C16: =IFERROR(__xludf.DUMMYFUNCTION("""COMPUTED_VALUE"""),1266.4) -> 1266.4 | E16: =IFERROR(__xludf.DUMMYFUNCTION("""COMPUTED_VALUE"""),46153.64583333333) -> 46153.646 | F16: =IFERROR(__xludf.DUMMYFUNCTION("""COMPUTED_VALUE"""),763.65) -> 763.65 | H16: =C16/F16 -> 1.6583513 | I16: =C16-F16 -> 502.75 | J16: =((I16-$I$129)/$I$130) -> -1.2574734
B17: =IFERROR(__xludf.DUMMYFUNCTION("""COMPUTED_VALUE"""),46154.64583333333) -> 46154.646 | C17: =IFERROR(__xludf.DUMMYFUNCTION("""COMPUTED_VALUE"""),1240.3) -> 1240.3 | E17: =IFERROR(__xludf.DUMMYFUNCTION("""COMPUTED_VALUE"""),46154.64583333333) -> 46154.646 | F17: =IFERROR(__xludf.DUMMYFUNCTION("""COMPUTED_VALUE"""),750.45) -> 750.45 | H17: =C17/F17 -> 1.6527417 | I17: =C17-F17 -> 489.85 | J17: =((I17-$I$129)/$I$130) -> -1.4130034
B18: =IFERROR(__xludf.DUMMYFUNCTION("""COMPUTED_VALUE"""),46155.64583333333) -> 46155.646 | C18: =IFERROR(__xludf.DUMMYFUNCTION("""COMPUTED_VALUE"""),1235.6) -> 1235.6 | E18: =IFERROR(__xludf.DUMMYFUNCTION("""COMPUTED_VALUE"""),46155.64583333333) -> 46155.646 | F18: =IFERROR(__xludf.DUMMYFUNCTION("""COMPUTED_VALUE"""),749.6) -> 749.6 | H18: =C18/F18 -> 1.6483458 | I18: =C18-F18 -> 486 | J18: =((I18-$I$129)/$I$130) -> -1.4594212
B19: =IFERROR(__xludf.DUMMYFUNCTION("""COMPUTED_VALUE"""),46156.64583333333) -> 46156.646 | C19: =IFERROR(__xludf.DUMMYFUNCTION("""COMPUTED_VALUE"""),1246.0) -> 1246 | E19: =IFERROR(__xludf.DUMMYFUNCTION("""COMPUTED_VALUE"""),46156.64583333333) -> 46156.646 | F19: =IFERROR(__xludf.DUMMYFUNCTION("""COMPUTED_VALUE"""),769.55) -> 769.55 | H19: =C19/F19 -> 1.6191281 | I19: =C19-F19 -> 476.45 | J19: =((I19-$I$129)/$I$130) -> -1.5745616
B20: =IFERROR(__xludf.DUMMYFUNCTION("""COMPUTED_VALUE"""),46157.64583333333) -> 46157.646 | C20: =IFERROR(__xludf.DUMMYFUNCTION("""COMPUTED_VALUE"""),1244.5) -> 1244.5 | E20: =IFERROR(__xludf.DUMMYFUNCTION("""COMPUTED_VALUE"""),46157.64583333333) -> 46157.646 | F20: =IFERROR(__xludf.DUMMYFUNCTION("""COMPUTED_VALUE"""),767.5) -> 767.5 | H20: =C20/F20 -> 1.6214984 | I20: =C20-F20 -> 477 | J20: =((I20-$I$129)/$I$130) -> -1.5679305
B21: =IFERROR(__xludf.DUMMYFUNCTION("""COMPUTED_VALUE"""),46160.64583333333) -> 46160.646 | C21: =IFERROR(__xludf.DUMMYFUNCTION("""COMPUTED_VALUE"""),1251.1) -> 1251.1 | E21: =IFERROR(__xludf.DUMMYFUNCTION("""COMPUTED_VALUE"""),46160.64583333333) -> 46160.646 | F21: =IFERROR(__xludf.DUMMYFUNCTION("""COMPUTED_VALUE"""),768.65) -> 768.65 | H21: =C21/F21 -> 1.6276589 | I21: =C21-F21 -> 482.45 | J21: =((I21-$I$129)/$I$130) -> -1.5022221
B22: =IFERROR(__xludf.DUMMYFUNCTION("""COMPUTED_VALUE"""),46161.64583333333) -> 46161.646 | C22: =IFERROR(__xludf.DUMMYFUNCTION("""COMPUTED_VALUE"""),1240.8) -> 1240.8 | E22: =IFERROR(__xludf.DUMMYFUNCTION("""COMPUTED_VALUE"""),46161.64583333333) -> 46161.646 | F22: =IFERROR(__xludf.DUMMYFUNCTION("""COMPUTED_VALUE"""),762.45) -> 762.45 | H22: =C22/F22 -> 1.6273854 | I22: =C22-F22 -> 478.35 | J22: =((I22-$I$129)/$I$130) -> -1.5516541
B23: =IFERROR(__xludf.DUMMYFUNCTION("""COMPUTED_VALUE"""),46162.64583333333) -> 46162.646 | C23: =IFERROR(__xludf.DUMMYFUNCTION("""COMPUTED_VALUE"""),1237.3) -> 1237.3 | E23: =IFERROR(__xludf.DUMMYFUNCTION("""COMPUTED_VALUE"""),46162.64583333333) -> 46162.646 | F23: =IFERROR(__xludf.DUMMYFUNCTION("""COMPUTED_VALUE"""),759.5) -> 759.5 | H23: =C23/F23 -> 1.6290981 | I23: =C23-F23 -> 477.8 | J23: =((I23-$I$129)/$I$130) -> -1.5582852
B24: =IFERROR(__xludf.DUMMYFUNCTION("""COMPUTED_VALUE"""),46163.64583333333) -> 46163.646 | C24: =IFERROR(__xludf.DUMMYFUNCTION("""COMPUTED_VALUE"""),1242.8) -> 1242.8 | E24: =IFERROR(__xludf.DUMMYFUNCTION("""COMPUTED_VALUE"""),46163.64583333333) -> 46163.646 | F24: =IFERROR(__xludf.DUMMYFUNCTION("""COMPUTED_VALUE"""),759.15) -> 759.15 | H24: =C24/F24 -> 1.6370941 | I24: =C24-F24 -> 483.65 | J24: =((I24-$I$129)/$I$130) -> -1.4877542
B25: =IFERROR(__xludf.DUMMYFUNCTION("""COMPUTED_VALUE"""),46164.64583333333) -> 46164.646 | C25: =IFERROR(__xludf.DUMMYFUNCTION("""COMPUTED_VALUE"""),1264.3) -> 1264.3 | E25: =IFERROR(__xludf.DUMMYFUNCTION("""COMPUTED_VALUE"""),46164.64583333333) -> 46164.646 | F25: =IFERROR(__xludf.DUMMYFUNCTION("""COMPUTED_VALUE"""),766.8) -> 766.8 | H25: =C25/F25 -> 1.6488002 | I25: =C25-F25 -> 497.5 | J25: =((I25-$I$129)/$I$130) -> -1.3207705
B26: =IFERROR(__xludf.DUMMYFUNCTION("""COMPUTED_VALUE"""),46167.64583333333) -> 46167.646 | C26: =IFERROR(__xludf.DUMMYFUNCTION("""COMPUTED_VALUE"""),1291.8) -> 1291.8 | E26: =IFERROR(__xludf.DUMMYFUNCTION("""COMPUTED_VALUE"""),46167.64583333333) -> 46167.646 | F26: =IFERROR(__xludf.DUMMYFUNCTION("""COMPUTED_VALUE"""),786.85) -> 786.85 | H26: =C26/F26 -> 1.641736 | I26: =C26-F26 -> 504.95 | J26: =((I26-$I$129)/$I$130) -> -1.230949
B27: =IFERROR(__xludf.DUMMYFUNCTION("""COMPUTED_VALUE"""),46168.64583333333) -> 46168.646 | C27: =IFERROR(__xludf.DUMMYFUNCTION("""COMPUTED_VALUE"""),1279.1) -> 1279.1 | E27: =IFERROR(__xludf.DUMMYFUNCTION("""COMPUTED_VALUE"""),46168.64583333333) -> 46168.646 | F27: =IFERROR(__xludf.DUMMYFUNCTION("""COMPUTED_VALUE"""),778.9) -> 778.9 | H27: =C27/F27 -> 1.6421877 | I27: =C27-F27 -> 500.2 | J27: =((I27-$I$129)/$I$130) -> -1.2882177 | Q27: Average Ratio 30D | R27: =AVERAGE(H88:H118) -> 1.9208575
B28: =IFERROR(__xludf.DUMMYFUNCTION("""COMPUTED_VALUE"""),46169.64583333333) -> 46169.646 | C28: =IFERROR(__xludf.DUMMYFUNCTION("""COMPUTED_VALUE"""),1272.7) -> 1272.7 | E28: =IFERROR(__xludf.DUMMYFUNCTION("""COMPUTED_VALUE"""),46169.64583333333) -> 46169.646 | F28: =IFERROR(__xludf.DUMMYFUNCTION("""COMPUTED_VALUE"""),758.65) -> 758.65 | H28: =C28/F28 -> 1.6775852 | I28: =C28-F28 -> 514.05 | J28: =((I28-$I$129)/$I$130) -> -1.1212341 | Q28: Max Ratio Spread in 30 D | R28: =MAX(H88:H118) -> 2.0507757
B29: =IFERROR(__xludf.DUMMYFUNCTION("""COMPUTED_VALUE"""),46171.64583333333) -> 46171.646 | C29: =IFERROR(__xludf.DUMMYFUNCTION("""COMPUTED_VALUE"""),1256.4) -> 1256.4 | E29: =IFERROR(__xludf.DUMMYFUNCTION("""COMPUTED_VALUE"""),46171.64583333333) -> 46171.646 | F29: =IFERROR(__xludf.DUMMYFUNCTION("""COMPUTED_VALUE"""),744.55) -> 744.55 | H29: =C29/F29 -> 1.6874622 | I29: =C29-F29 -> 511.85 | J29: =((I29-$I$129)/$I$130) -> -1.1477585
B30: =IFERROR(__xludf.DUMMYFUNCTION("""COMPUTED_VALUE"""),46174.64583333333) -> 46174.646 | C30: =IFERROR(__xludf.DUMMYFUNCTION("""COMPUTED_VALUE"""),1239.7) -> 1239.7 | E30: =IFERROR(__xludf.DUMMYFUNCTION("""COMPUTED_VALUE"""),46174.64583333333) -> 46174.646 | F30: =IFERROR(__xludf.DUMMYFUNCTION("""COMPUTED_VALUE"""),742.7) -> 742.7 | H30: =C30/F30 -> 1.66918 | I30: =C30-F30 -> 497 | J30: =((I30-$I$129)/$I$130) -> -1.3267988 | K30: =AVERAGE(C11:C30) -> 1257.71 | L30: =(C30-K30)/C30 -> -0.014527708 | M30: =AVERAGE(F11:F30) -> 767.705 | N30: =(F30-M30)/F30 -> -0.033667699 | O30: =L30-N30 -> 0.019139991
B31: =IFERROR(__xludf.DUMMYFUNCTION("""COMPUTED_VALUE"""),46175.64583333333) -> 46175.646 | C31: =IFERROR(__xludf.DUMMYFUNCTION("""COMPUTED_VALUE"""),1226.6) -> 1226.6 | E31: =IFERROR(__xludf.DUMMYFUNCTION("""COMPUTED_VALUE"""),46175.64583333333) -> 46175.646 | F31: =IFERROR(__xludf.DUMMYFUNCTION("""COMPUTED_VALUE"""),748.25) -> 748.25 | H31: =C31/F31 -> 1.6392917 | I31: =C31-F31 -> 478.35 | J31: =((I31-$I$129)/$I$130) -> -1.5516541 | K31: =AVERAGE(C12:C31) -> 1255.5 | L31: =(C31-K31)/C31 -> -0.023561063 | M31: =AVERAGE(F12:F31) -> 766.1475 | N31: =(F31-M31)/F31 -> -0.023919145 | O31: =L31-N31 -> 0.00035808157
B32: =IFERROR(__xludf.DUMMYFUNCTION("""COMPUTED_VALUE"""),46176.64583333333) -> 46176.646 | C32: =IFERROR(__xludf.DUMMYFUNCTION("""COMPUTED_VALUE"""),1242.0) -> 1242 | E32: =IFERROR(__xludf.DUMMYFUNCTION("""COMPUTED_VALUE"""),46176.64583333333) -> 46176.646 | F32: =IFERROR(__xludf.DUMMYFUNCTION("""COMPUTED_VALUE"""),753.65) -> 753.65 | H32: =C32/F32 -> 1.6479798 | I32: =C32-F32 -> 488.35 | J32: =((I32-$I$129)/$I$130) -> -1.4310882 | K32: =AVERAGE(C13:C32) -> 1255.035 | L32: =(C32-K32)/C32 -> -0.010495169 | M32: =AVERAGE(F13:F32) -> 765.215 | N32: =(F32-M32)/F32 -> -0.015345319 | O32: =L32-N32 -> 0.0048501504
B33: =IFERROR(__xludf.DUMMYFUNCTION("""COMPUTED_VALUE"""),46177.64583333333) -> 46177.646 | C33: =IFERROR(__xludf.DUMMYFUNCTION("""COMPUTED_VALUE"""),1251.7) -> 1251.7 | E33: =IFERROR(__xludf.DUMMYFUNCTION("""COMPUTED_VALUE"""),46177.64583333333) -> 46177.646 | F33: =IFERROR(__xludf.DUMMYFUNCTION("""COMPUTED_VALUE"""),754.2) -> 754.2 | H33: =C33/F33 -> 1.6596394 | I33: =C33-F33 -> 497.5 | J33: =((I33-$I$129)/$I$130) -> -1.3207705 | K33: =AVERAGE(C14:C33) -> 1253.645 | L33: =(C33-K33)/C33 -> -0.0015538867 | M33: =AVERAGE(F14:F33) -> 763.0975 | N33: =(F33-M33)/F33 -> -0.011797269 | O33: =L33-N33 -> 0.010243382
B34: =IFERROR(__xludf.DUMMYFUNCTION("""COMPUTED_VALUE"""),46178.64583333333) -> 46178.646 | C34: =IFERROR(__xludf.DUMMYFUNCTION("""COMPUTED_VALUE"""),1262.1) -> 1262.1 | E34: =IFERROR(__xludf.DUMMYFUNCTION("""COMPUTED_VALUE"""),46178.64583333333) -> 46178.646 | F34: =IFERROR(__xludf.DUMMYFUNCTION("""COMPUTED_VALUE"""),747.05) -> 747.05 | H34: =C34/F34 -> 1.6894452 | I34: =C34-F34 -> 515.05 | J34: =((I34-$I$129)/$I$130) -> -1.1091775 | K34: =AVERAGE(C15:C34) -> 1252.8 | L34: =(C34-K34)/C34 -> 0.0073686713 | M34: =AVERAGE(F15:F34) -> 760.6475 | N34: =(F34-M34)/F34 -> -0.018201593 | O34: =L34-N34 -> 0.025570264
B35: =IFERROR(__xludf.DUMMYFUNCTION("""COMPUTED_VALUE"""),46181.64583333333) -> 46181.646 | C35: =IFERROR(__xludf.DUMMYFUNCTION("""COMPUTED_VALUE"""),1250.2) -> 1250.2 | E35: =IFERROR(__xludf.DUMMYFUNCTION("""COMPUTED_VALUE"""),46181.64583333333) -> 46181.646 | F35: =IFERROR(__xludf.DUMMYFUNCTION("""COMPUTED_VALUE"""),738.65) -> 738.65 | H35: =C35/F35 -> 1.6925472 | I35: =C35-F35 -> 511.55 | J35: =((I35-$I$129)/$I$130) -> -1.1513755 | K35: =AVERAGE(C16:C35) -> 1252.07 | L35: =(C35-K35)/C35 -> -0.0014957607 | M35: =AVERAGE(F16:F35) -> 758.5375 | N35: =(F35-M35)/F35 -> -0.026924118 | O35: =L35-N35 -> 0.025428358
B36: =IFERROR(__xludf.DUMMYFUNCTION("""COMPUTED_VALUE"""),46182.64583333333) -> 46182.646 | C36: =IFERROR(__xludf.DUMMYFUNCTION("""COMPUTED_VALUE"""),1275.0) -> 1275 | E36: =IFERROR(__xludf.DUMMYFUNCTION("""COMPUTED_VALUE"""),46182.64583333333) -> 46182.646 | F36: =IFERROR(__xludf.DUMMYFUNCTION("""COMPUTED_VALUE"""),738.35) -> 738.35 | H36: =C36/F36 -> 1.7268233 | I36: =C36-F36 -> 536.65 | J36: =((I36-$I$129)/$I$130) -> -0.84875528 | K36: =AVERAGE(C17:C36) -> 1252.5 | L36: =(C36-K36)/C36 -> 0.017647059 | M36: =AVERAGE(F17:F36) -> 757.2725 | N36: =(F36-M36)/F36 -> -0.02562809 | O36: =L36-N36 -> 0.043275148
B37: =IFERROR(__xludf.DUMMYFUNCTION("""COMPUTED_VALUE"""),46183.64583333333) -> 46183.646 | C37: =IFERROR(__xludf.DUMMYFUNCTION("""COMPUTED_VALUE"""),1293.3) -> 1293.3 | E37: =IFERROR(__xludf.DUMMYFUNCTION("""COMPUTED_VALUE"""),46183.64583333333) -> 46183.646 | F37: =IFERROR(__xludf.DUMMYFUNCTION("""COMPUTED_VALUE"""),746.85) -> 746.85 | H37: =C37/F37 -> 1.731673 | I37: =C37-F37 -> 546.45 | J37: =((I37-$I$129)/$I$130) -> -0.73060077 | K37: =AVERAGE(C18:C37) -> 1255.15 | L37: =(C37-K37)/C37 -> 0.029498183 | M37: =AVERAGE(F18:F37) -> 757.0925 | N37: =(F37-M37)/F37 -> -0.013714267 | O37: =L37-N37 -> 0.04321245
B38: =IFERROR(__xludf.DUMMYFUNCTION("""COMPUTED_VALUE"""),46184.64583333333) -> 46184.646 | C38: =IFERROR(__xludf.DUMMYFUNCTION("""COMPUTED_VALUE"""),1317.0) -> 1317 | E38: =IFERROR(__xludf.DUMMYFUNCTION("""COMPUTED_VALUE"""),46184.64583333333) -> 46184.646 | F38: =IFERROR(__xludf.DUMMYFUNCTION("""COMPUTED_VALUE"""),744.6) -> 744.6 | H38: =C38/F38 -> 1.7687349 | I38: =C38-F38 -> 572.4 | J38: =((I38-$I$129)/$I$130) -> -0.41773243 | K38: =AVERAGE(C19:C38) -> 1259.22 | L38: =(C38-K38)/C38 -> 0.043872437 | M38: =AVERAGE(F19:F38) -> 756.8425 | N38: =(F38-M38)/F38 -> -0.016441714 | O38: =L38-N38 -> 0.060314151
B39: =IFERROR(__xludf.DUMMYFUNCTION("""COMPUTED_VALUE"""),46185.64583333333) -> 46185.646 | C39: =IFERROR(__xludf.DUMMYFUNCTION("""COMPUTED_VALUE"""),1340.8) -> 1340.8 | E39: =IFERROR(__xludf.DUMMYFUNCTION("""COMPUTED_VALUE"""),46185.64583333333) -> 46185.646 | F39: =IFERROR(__xludf.DUMMYFUNCTION("""COMPUTED_VALUE"""),772.45) -> 772.45 | H39: =C39/F39 -> 1.7357758 | I39: =C39-F39 -> 568.35 | J39: =((I39-$I$129)/$I$130) -> -0.4665616 | K39: =AVERAGE(C20:C39) -> 1263.96 | L39: =(C39-K39)/C39 -> 0.057309069 | M39: =AVERAGE(F20:F39) -> 756.9875 | N39: =(F39-M39)/F39 -> 0.020017477 | O39: =L39-N39 -> 0.037291592
B40: =IFERROR(__xludf.DUMMYFUNCTION("""COMPUTED_VALUE"""),46188.64583333333) -> 46188.646 | C40: =IFERROR(__xludf.DUMMYFUNCTION("""COMPUTED_VALUE"""),1327.6) -> 1327.6 | E40: =IFERROR(__xludf.DUMMYFUNCTION("""COMPUTED_VALUE"""),46188.64583333333) -> 46188.646 | F40: =IFERROR(__xludf.DUMMYFUNCTION("""COMPUTED_VALUE"""),777.35) -> 777.35 | H40: =C40/F40 -> 1.7078536 | I40: =C40-F40 -> 550.25 | J40: =((I40-$I$129)/$I$130) -> -0.68478575 | K40: =AVERAGE(C21:C40) -> 1268.115 | L40: =(C40-K40)/C40 -> 0.044806418 | M40: =AVERAGE(F21:F40) -> 757.48 | N40: =(F40-M40)/F40 -> 0.025561202 | O40: =L40-N40 -> 0.019245216
B41: =IFERROR(__xludf.DUMMYFUNCTION("""COMPUTED_VALUE"""),46189.64583333333) -> 46189.646 | C41: =IFERROR(__xludf.DUMMYFUNCTION("""COMPUTED_VALUE"""),1334.3) -> 1334.3 | E41: =IFERROR(__xludf.DUMMYFUNCTION("""COMPUTED_VALUE"""),46189.64583333333) -> 46189.646 | F41: =IFERROR(__xludf.DUMMYFUNCTION("""COMPUTED_VALUE"""),784.9) -> 784.9 | H41: =C41/F41 -> 1.6999618 | I41: =C41-F41 -> 549.4 | J41: =((I41-$I$129)/$I$130) -> -0.69503385 | K41: =AVERAGE(C22:C41) -> 1272.275 | L41: =(C41-K41)/C41 -> 0.046485048 | M41: =AVERAGE(F22:F41) -> 758.2925 | N41: =(F41-M41)/F41 -> 0.033899223 | O41: =L41-N41 -> 0.012585826
B42: =IFERROR(__xludf.DUMMYFUNCTION("""COMPUTED_VALUE"""),46190.64583333333) -> 46190.646 | C42: =IFERROR(__xludf.DUMMYFUNCTION("""COMPUTED_VALUE"""),1336.8) -> 1336.8 | E42: =IFERROR(__xludf.DUMMYFUNCTION("""COMPUTED_VALUE"""),46190.64583333333) -> 46190.646 | F42: =IFERROR(__xludf.DUMMYFUNCTION("""COMPUTED_VALUE"""),787.1) -> 787.1 | H42: =C42/F42 -> 1.6983865 | I42: =C42-F42 -> 549.7 | J42: =((I42-$I$129)/$I$130) -> -0.69141687 | K42: =AVERAGE(C23:C42) -> 1277.075 | L42: =(C42-K42)/C42 -> 0.044677588 | M42: =AVERAGE(F23:F42) -> 759.525 | N42: =(F42-M42)/F42 -> 0.035033668 | O42: =L42-N42 -> 0.0096439204
B43: =IFERROR(__xludf.DUMMYFUNCTION("""COMPUTED_VALUE"""),46191.64583333333) -> 46191.646 | C43: =IFERROR(__xludf.DUMMYFUNCTION("""COMPUTED_VALUE"""),1342.3) -> 1342.3 | E43: =IFERROR(__xludf.DUMMYFUNCTION("""COMPUTED_VALUE"""),46191.64583333333) -> 46191.646 | F43: =IFERROR(__xludf.DUMMYFUNCTION("""COMPUTED_VALUE"""),799.0) -> 799 | H43: =C43/F43 -> 1.679975 | I43: =C43-F43 -> 543.3 | J43: =((I43-$I$129)/$I$130) -> -0.768579 | K43: =AVERAGE(C24:C43) -> 1282.325 | L43: =(C43-K43)/C43 -> 0.044680772 | M43: =AVERAGE(F24:F43) -> 761.5 | N43: =(F43-M43)/F43 -> 0.046933667 | O43: =L43-N43 -> -0.0022528953
B44: =IFERROR(__xludf.DUMMYFUNCTION("""COMPUTED_VALUE"""),46192.64583333333) -> 46192.646 | C44: =IFERROR(__xludf.DUMMYFUNCTION("""COMPUTED_VALUE"""),1346.5) -> 1346.5 | E44: =IFERROR(__xludf.DUMMYFUNCTION("""COMPUTED_VALUE"""),46192.64583333333) -> 46192.646 | F44: =IFERROR(__xludf.DUMMYFUNCTION("""COMPUTED_VALUE"""),779.8) -> 779.8 | H44: =C44/F44 -> 1.7267248 | I44: =C44-F44 -> 566.7 | J44: =((I44-$I$129)/$I$130) -> -0.48645496 | K44: =AVERAGE(C25:C44) -> 1287.51 | L44: =(C44-K44)/C44 -> 0.043809877 | M44: =AVERAGE(F25:F44) -> 762.5325 | N44: =(F44-M44)/F44 -> 0.022143498 | O44: =L44-N44 -> 0.021666379
B45: =IFERROR(__xludf.DUMMYFUNCTION("""COMPUTED_VALUE"""),46195.64583333333) -> 46195.646 | C45: =IFERROR(__xludf.DUMMYFUNCTION("""COMPUTED_VALUE"""),1352.4) -> 1352.4 | E45: =IFERROR(__xludf.DUMMYFUNCTION("""COMPUTED_VALUE"""),46195.64583333333) -> 46195.646 | F45: =IFERROR(__xludf.DUMMYFUNCTION("""COMPUTED_VALUE"""),786.4) -> 786.4 | H45: =C45/F45 -> 1.7197355 | I45: =C45-F45 -> 566 | J45: =((I45-$I$129)/$I$130) -> -0.49489457 | K45: =AVERAGE(C26:C45) -> 1291.915 | L45: =(C45-K45)/C45 -> 0.044724194 | M45: =AVERAGE(F26:F45) -> 763.5125 | N45: =(F45-M45)/F45 -> 0.029104145 | O45: =L45-N45 -> 0.015620049
B46: =IFERROR(__xludf.DUMMYFUNCTION("""COMPUTED_VALUE"""),46196.64583333333) -> 46196.646 | C46: =IFERROR(__xludf.DUMMYFUNCTION("""COMPUTED_VALUE"""),1338.3) -> 1338.3 | E46: =IFERROR(__xludf.DUMMYFUNCTION("""COMPUTED_VALUE"""),46196.64583333333) -> 46196.646 | F46: =IFERROR(__xludf.DUMMYFUNCTION("""COMPUTED_VALUE"""),774.65) -> 774.65 | H46: =C46/F46 -> 1.7276189 | I46: =C46-F46 -> 563.65 | J46: =((I46-$I$129)/$I$130) -> -0.52322754 | K46: =AVERAGE(C27:C46) -> 1294.24 | L46: =(C46-K46)/C46 -> 0.032922364 | M46: =AVERAGE(F27:F46) -> 762.9025 | N46: =(F46-M46)/F46 -> 0.015164913 | O46: =L46-N46 -> 0.017757451
B47: =IFERROR(__xludf.DUMMYFUNCTION("""COMPUTED_VALUE"""),46197.64583333333) -> 46197.646 | C47: =IFERROR(__xludf.DUMMYFUNCTION("""COMPUTED_VALUE"""),1373.6) -> 1373.6 | E47: =IFERROR(__xludf.DUMMYFUNCTION("""COMPUTED_VALUE"""),46197.64583333333) -> 46197.646 | F47: =IFERROR(__xludf.DUMMYFUNCTION("""COMPUTED_VALUE"""),793.2) -> 793.2 | H47: =C47/F47 -> 1.7317196 | I47: =C47-F47 -> 580.4 | J47: =((I47-$I$129)/$I$130) -> -0.32127977 | K47: =AVERAGE(C28:C47) -> 1298.965 | L47: =(C47-K47)/C47 -> 0.054335323 | M47: =AVERAGE(F28:F47) -> 763.6175 | N47: =(F47-M47)/F47 -> 0.037295134 | O47: =L47-N47 -> 0.01704019
B48: =IFERROR(__xludf.DUMMYFUNCTION("""COMPUTED_VALUE"""),46198.64583333333) -> 46198.646 | C48: =IFERROR(__xludf.DUMMYFUNCTION("""COMPUTED_VALUE"""),1387.5) -> 1387.5 | E48: =IFERROR(__xludf.DUMMYFUNCTION("""COMPUTED_VALUE"""),46198.64583333333) -> 46198.646 | F48: =IFERROR(__xludf.DUMMYFUNCTION("""COMPUTED_VALUE"""),796.3) -> 796.3 | H48: =C48/F48 -> 1.7424338 | I48: =C48-F48 -> 591.2 | J48: =((I48-$I$129)/$I$130) -> -0.19106867 | K48: =AVERAGE(C29:C48) -> 1304.705 | L48: =(C48-K48)/C48 -> 0.059672072 | M48: =AVERAGE(F29:F48) -> 765.5 | N48: =(F48-M48)/F48 -> 0.03867889 | O48: =L48-N48 -> 0.020993182
B49: =IFERROR(__xludf.DUMMYFUNCTION("""COMPUTED_VALUE"""),46202.64583333333) -> 46202.646 | C49: =IFERROR(__xludf.DUMMYFUNCTION("""COMPUTED_VALUE"""),1387.6) -> 1387.6 | E49: =IFERROR(__xludf.DUMMYFUNCTION("""COMPUTED_VALUE"""),46202.64583333333) -> 46202.646 | F49: =IFERROR(__xludf.DUMMYFUNCTION("""COMPUTED_VALUE"""),798.9) -> 798.9 | H49: =C49/F49 -> 1.7368882 | I49: =C49-F49 -> 588.7 | J49: =((I49-$I$129)/$I$130) -> -0.22121013 | K49: =AVERAGE(C30:C49) -> 1311.265 | L49: =(C49-K49)/C49 -> 0.055012251 | M49: =AVERAGE(F30:F49) -> 768.2175 | N49: =(F49-M49)/F49 -> 0.038405933 | O49: =L49-N49 -> 0.016606318
B50: =IFERROR(__xludf.DUMMYFUNCTION("""COMPUTED_VALUE"""),46203.64583333333) -> 46203.646 | C50: =IFERROR(__xludf.DUMMYFUNCTION("""COMPUTED_VALUE"""),1375.2) -> 1375.2 | E50: =IFERROR(__xludf.DUMMYFUNCTION("""COMPUTED_VALUE"""),46203.64583333333) -> 46203.646 | F50: =IFERROR(__xludf.DUMMYFUNCTION("""COMPUTED_VALUE"""),797.95) -> 797.95 | H50: =C50/F50 -> 1.7234163 | I50: =C50-F50 -> 577.25 | J50: =((I50-$I$129)/$I$130) -> -0.35925801 | K50: =AVERAGE(C31:C50) -> 1318.04 | L50: =(C50-K50)/C50 -> 0.041564863 | M50: =AVERAGE(F31:F50) -> 770.98 | N50: =(F50-M50)/F50 -> 0.03379911 | O50: =L50-N50 -> 0.0077657531
B51: =IFERROR(__xludf.DUMMYFUNCTION("""COMPUTED_VALUE"""),46204.64583333333) -> 46204.646 | C51: =IFERROR(__xludf.DUMMYFUNCTION("""COMPUTED_VALUE"""),1379.8) -> 1379.8 | E51: =IFERROR(__xludf.DUMMYFUNCTION("""COMPUTED_VALUE"""),46204.64583333333) -> 46204.646 | F51: =IFERROR(__xludf.DUMMYFUNCTION("""COMPUTED_VALUE"""),796.15) -> 796.15 | H51: =C51/F51 -> 1.7330905 | I51: =C51-F51 -> 583.65 | J51: =((I51-$I$129)/$I$130) -> -0.28209587 | K51: =AVERAGE(C32:C51) -> 1325.7 | L51: =(C51-K51)/C51 -> 0.039208581 | M51: =AVERAGE(F32:F51) -> 773.375 | N51: =(F51-M51)/F51 -> 0.028606418 | O51: =L51-N51 -> 0.010602163
B52: =IFERROR(__xludf.DUMMYFUNCTION("""COMPUTED_VALUE"""),46205.64583333333) -> 46205.646 | C52: =IFERROR(__xludf.DUMMYFUNCTION("""COMPUTED_VALUE"""),1400.0) -> 1400 | E52: =IFERROR(__xludf.DUMMYFUNCTION("""COMPUTED_VALUE"""),46205.64583333333) -> 46205.646 | F52: =IFERROR(__xludf.DUMMYFUNCTION("""COMPUTED_VALUE"""),795.9) -> 795.9 | H52: =C52/F52 -> 1.759015 | I52: =C52-F52 -> 604.1 | J52: =((I52-$I$129)/$I$130) -> -0.035538751 | K52: =AVERAGE(C33:C52) -> 1333.6 | L52: =(C52-K52)/C52 -> 0.047428571 | M52: =AVERAGE(F33:F52) -> 775.4875 | N52: =(F52-M52)/F52 -> 0.025647066 | O52: =L52-N52 -> 0.021781505
B53: =IFERROR(__xludf.DUMMYFUNCTION("""COMPUTED_VALUE"""),46206.64583333333) -> 46206.646 | C53: =IFERROR(__xludf.DUMMYFUNCTION("""COMPUTED_VALUE"""),1411.4) -> 1411.4 | E53: =IFERROR(__xludf.DUMMYFUNCTION("""COMPUTED_VALUE"""),46206.64583333333) -> 46206.646 | F53: =IFERROR(__xludf.DUMMYFUNCTION("""COMPUTED_VALUE"""),801.05) -> 801.05 | H53: =C53/F53 -> 1.7619375 | I53: =C53-F53 -> 610.35 | J53: =((I53-$I$129)/$I$130) -> 0.039814894 | K53: =AVERAGE(C34:C53) -> 1341.585 | L53: =(C53-K53)/C53 -> 0.04946507 | M53: =AVERAGE(F34:F53) -> 777.83 | N53: =(F53-M53)/F53 -> 0.028986955 | O53: =L53-N53 -> 0.020478116
B54: =IFERROR(__xludf.DUMMYFUNCTION("""COMPUTED_VALUE"""),46209.64583333333) -> 46209.646 | C54: =IFERROR(__xludf.DUMMYFUNCTION("""COMPUTED_VALUE"""),1426.9) -> 1426.9 | E54: =IFERROR(__xludf.DUMMYFUNCTION("""COMPUTED_VALUE"""),46209.64583333333) -> 46209.646 | F54: =IFERROR(__xludf.DUMMYFUNCTION("""COMPUTED_VALUE"""),829.85) -> 829.85 | H54: =C54/F54 -> 1.7194674 | I54: =C54-F54 -> 597.05 | J54: =((I54-$I$129)/$I$130) -> -0.12053766 | K54: =AVERAGE(C35:C54) -> 1349.825 | L54: =(C54-K54)/C54 -> 0.054015698 | M54: =AVERAGE(F35:F54) -> 781.97 | N54: =(F54-M54)/F54 -> 0.057697174 | O54: =L54-N54 -> -0.0036814758
B55: =IFERROR(__xludf.DUMMYFUNCTION("""COMPUTED_VALUE"""),46210.64583333333) -> 46210.646 | C55: =IFERROR(__xludf.DUMMYFUNCTION("""COMPUTED_VALUE"""),1414.7) -> 1414.7 | E55: =IFERROR(__xludf.DUMMYFUNCTION("""COMPUTED_VALUE"""),46210.64583333333) -> 46210.646 | F55: =IFERROR(__xludf.DUMMYFUNCTION("""COMPUTED_VALUE"""),829.3) -> 829.3 | H55: =C55/F55 -> 1.7058965 | I55: =C55-F55 -> 585.4 | J55: =((I55-$I$129)/$I$130) -> -0.26099685 | K55: =AVERAGE(C36:C55) -> 1358.05 | L55: =(C55-K55)/C55 -> 0.040043826 | M55: =AVERAGE(F36:F55) -> 786.5025 | N55: =(F55-M55)/F55 -> 0.051606777 | O55: =L55-N55 -> -0.011562951
B56: =IFERROR(__xludf.DUMMYFUNCTION("""COMPUTED_VALUE"""),46211.64583333333) -> 46211.646 | C56: =IFERROR(__xludf.DUMMYFUNCTION("""COMPUTED_VALUE"""),1380.6) -> 1380.6 | E56: =IFERROR(__xludf.DUMMYFUNCTION("""COMPUTED_VALUE"""),46211.64583333333) -> 46211.646 | F56: =IFERROR(__xludf.DUMMYFUNCTION("""COMPUTED_VALUE"""),810.3) -> 810.3 | H56: =C56/F56 -> 1.7038134 | I56: =C56-F56 -> 570.3 | J56: =((I56-$I$129)/$I$130) -> -0.44305126 | K56: =AVERAGE(C37:C56) -> 1363.33 | L56: =(C56-K56)/C56 -> 0.012509054 | M56: =AVERAGE(F37:F56) -> 790.1 | N56: =(F56-M56)/F56 -> 0.024929039 | O56: =L56-N56 -> -0.012419985
B57: =IFERROR(__xludf.DUMMYFUNCTION("""COMPUTED_VALUE"""),46212.64583333333) -> 46212.646 | C57: =IFERROR(__xludf.DUMMYFUNCTION("""COMPUTED_VALUE"""),1380.7) -> 1380.7 | E57: =IFERROR(__xludf.DUMMYFUNCTION("""COMPUTED_VALUE"""),46212.64583333333) -> 46212.646 | F57: =IFERROR(__xludf.DUMMYFUNCTION("""COMPUTED_VALUE"""),817.55) -> 817.55 | H57: =C57/F57 -> 1.6888264 | I57: =C57-F57 -> 563.15 | J57: =((I57-$I$129)/$I$130) -> -0.52925583 | K57: =AVERAGE(C38:C57) -> 1367.7 | L57: =(C57-K57)/C57 -> 0.0094155139 | M57: =AVERAGE(F38:F57) -> 793.635 | N57: =(F57-M57)/F57 -> 0.029252034 | O57: =L57-N57 -> -0.01983652
B58: =IFERROR(__xludf.DUMMYFUNCTION("""COMPUTED_VALUE"""),46213.64583333333) -> 46213.646 | C58: =IFERROR(__xludf.DUMMYFUNCTION("""COMPUTED_VALUE"""),1401.2) -> 1401.2 | E58: =IFERROR(__xludf.DUMMYFUNCTION("""COMPUTED_VALUE"""),46213.64583333333) -> 46213.646 | F58: =IFERROR(__xludf.DUMMYFUNCTION("""COMPUTED_VALUE"""),824.95) -> 824.95 | H58: =C58/F58 -> 1.6985272 | I58: =C58-F58 -> 576.25 | J58: =((I58-$I$129)/$I$130) -> -0.37131459 | K58: =AVERAGE(C39:C58) -> 1371.91 | L58: =(C58-K58)/C58 -> 0.020903511 | M58: =AVERAGE(F39:F58) -> 797.6525 | N58: =(F58-M58)/F58 -> 0.033089884 | O58: =L58-N58 -> -0.012186373
B59: =IFERROR(__xludf.DUMMYFUNCTION("""COMPUTED_VALUE"""),46216.64583333333) -> 46216.646 | C59: =IFERROR(__xludf.DUMMYFUNCTION("""COMPUTED_VALUE"""),1409.5) -> 1409.5 | E59: =IFERROR(__xludf.DUMMYFUNCTION("""COMPUTED_VALUE"""),46216.64583333333) -> 46216.646 | F59: =IFERROR(__xludf.DUMMYFUNCTION("""COMPUTED_VALUE"""),817.95) -> 817.95 | H59: =C59/F59 -> 1.7232105 | I59: =C59-F59 -> 591.55 | J59: =((I59-$I$129)/$I$130) -> -0.18684887 | K59: =AVERAGE(C40:C59) -> 1375.345 | L59: =(C59-K59)/C59 -> 0.024231997 | M59: =AVERAGE(F40:F59) -> 799.9275 | N59: =(F59-M59)/F59 -> 0.022033743 | O59: =L59-N59 -> 0.0021982543
B60: =IFERROR(__xludf.DUMMYFUNCTION("""COMPUTED_VALUE"""),46217.64583333333) -> 46217.646 | C60: =IFERROR(__xludf.DUMMYFUNCTION("""COMPUTED_VALUE"""),1407.7) -> 1407.7 | E60: =IFERROR(__xludf.DUMMYFUNCTION("""COMPUTED_VALUE"""),46217.64583333333) -> 46217.646 | F60: =IFERROR(__xludf.DUMMYFUNCTION("""COMPUTED_VALUE"""),809.4) -> 809.4 | H60: =C60/F60 -> 1.7391895 | I60: =C60-F60 -> 598.3 | J60: =((I60-$I$129)/$I$130) -> -0.10546693 | K60: =AVERAGE(C41:C60) -> 1379.35 | L60: =(C60-K60)/C60 -> 0.020139234 | M60: =AVERAGE(F41:F60) -> 801.53 | N60: =(F60-M60)/F60 -> 0.0097232518 | O60: =L60-N60 -> 0.010415982
B61: =IFERROR(__xludf.DUMMYFUNCTION("""COMPUTED_VALUE"""),46218.64583333333) -> 46218.646 | C61: =IFERROR(__xludf.DUMMYFUNCTION("""COMPUTED_VALUE"""),1416.2) -> 1416.2 | E61: =IFERROR(__xludf.DUMMYFUNCTION("""COMPUTED_VALUE"""),46218.64583333333) -> 46218.646 | F61: =IFERROR(__xludf.DUMMYFUNCTION("""COMPUTED_VALUE"""),815.45) -> 815.45 | H61: =C61/F61 -> 1.7367098 | I61: =C61-F61 -> 600.75 | J61: =((I61-$I$129)/$I$130) -> -0.075928304 | K61: =AVERAGE(C42:C61) -> 1383.445 | L61: =(C61-K61)/C61 -> 0.023128795 | M61: =AVERAGE(F42:F61) -> 803.0575 | N61: =(F61-M61)/F61 -> 0.01519713 | O61: =L61-N61 -> 0.0079316649
B62: =IFERROR(__xludf.DUMMYFUNCTION("""COMPUTED_VALUE"""),46219.64583333333) -> 46219.646 | C62: =IFERROR(__xludf.DUMMYFUNCTION("""COMPUTED_VALUE"""),1418.2) -> 1418.2 | E62: =IFERROR(__xludf.DUMMYFUNCTION("""COMPUTED_VALUE"""),46219.64583333333) -> 46219.646 | F62: =IFERROR(__xludf.DUMMYFUNCTION("""COMPUTED_VALUE"""),808.3) -> 808.3 | H62: =C62/F62 -> 1.7545466 | I62: =C62-F62 -> 609.9 | J62: =((I62-$I$129)/$I$130) -> 0.034389431 | K62: =AVERAGE(C43:C62) -> 1387.515 | L62: =(C62-K62)/C62 -> 0.021636582 | M62: =AVERAGE(F43:F62) -> 804.1175 | N62: =(F62-M62)/F62 -> 0.0051744402 | O62: =L62-N62 -> 0.016462141
B63: =IFERROR(__xludf.DUMMYFUNCTION("""COMPUTED_VALUE"""),46220.64583333333) -> 46220.646 | C63: =IFERROR(__xludf.DUMMYFUNCTION("""COMPUTED_VALUE"""),1444.3) -> 1444.3 | E63: =IFERROR(__xludf.DUMMYFUNCTION("""COMPUTED_VALUE"""),46220.64583333333) -> 46220.646 | F63: =IFERROR(__xludf.DUMMYFUNCTION("""COMPUTED_VALUE"""),819.6) -> 819.6 | H63: =C63/F63 -> 1.7622011 | I63: =C63-F63 -> 624.7 | J63: =((I63-$I$129)/$I$130) -> 0.21282686 | K63: =AVERAGE(C44:C63) -> 1392.615 | L63: =(C63-K63)/C63 -> 0.035785502 | M63: =AVERAGE(F44:F63) -> 805.1475 | N63: =(F63-M63)/F63 -> 0.017633602 | O63: =L63-N63 -> 0.0181519
A64: 30 | B64: =IFERROR(__xludf.DUMMYFUNCTION("""COMPUTED_VALUE"""),46223.64583333333) -> 46223.646 | C64: =IFERROR(__xludf.DUMMYFUNCTION("""COMPUTED_VALUE"""),1460.2) -> 1460.2 | E64: =IFERROR(__xludf.DUMMYFUNCTION("""COMPUTED_VALUE"""),46223.64583333333) -> 46223.646 | F64: =IFERROR(__xludf.DUMMYFUNCTION("""COMPUTED_VALUE"""),777.6) -> 777.6 | H64: =C64/F64 -> 1.8778292 | I64: =C64-F64 -> 682.6 | J64: =((I64-$I$129)/$I$130) -> 0.91090302 | K64: =AVERAGE(C45:C64) -> 1398.3 | L64: =(C64-K64)/C64 -> 0.042391453 | M64: =AVERAGE(F45:F64) -> 805.0375 | N64: =(F64-M64)/F64 -> -0.035284851 | O64: =L64-N64 -> 0.077676304
B65: =IFERROR(__xludf.DUMMYFUNCTION("""COMPUTED_VALUE"""),46224.64583333333) -> 46224.646 | C65: =IFERROR(__xludf.DUMMYFUNCTION("""COMPUTED_VALUE"""),1463.1) -> 1463.1 | E65: =IFERROR(__xludf.DUMMYFUNCTION("""COMPUTED_VALUE"""),46224.64583333333) -> 46224.646 | F65: =IFERROR(__xludf.DUMMYFUNCTION("""COMPUTED_VALUE"""),761.45) -> 761.45 | H65: =C65/F65 -> 1.9214656 | I65: =C65-F65 -> 701.65 | J65: =((I65-$I$129)/$I$130) -> 1.1405809 | K65: =AVERAGE(C46:C65) -> 1403.835 | L65: =(C65-K65)/C65 -> 0.040506459 | M65: =AVERAGE(F46:F65) -> 803.79 | N65: =(F65-M65)/F65 -> -0.055604439 | O65: =L65-N65 -> 0.096110898
B66: =IFERROR(__xludf.DUMMYFUNCTION("""COMPUTED_VALUE"""),46225.64583333333) -> 46225.646 | C66: =IFERROR(__xludf.DUMMYFUNCTION("""COMPUTED_VALUE"""),1440.7) -> 1440.7 | E66: =IFERROR(__xludf.DUMMYFUNCTION("""COMPUTED_VALUE"""),46225.64583333333) -> 46225.646 | F66: =IFERROR(__xludf.DUMMYFUNCTION("""COMPUTED_VALUE"""),753.15) -> 753.15 | H66: =C66/F66 -> 1.9128992 | I66: =C66-F66 -> 687.55 | J66: =((I66-$I$129)/$I$130) -> 0.97058311 | K66: =AVERAGE(C47:C66) -> 1408.955 | L66: =(C66-K66)/C66 -> 0.022034428 | M66: =AVERAGE(F47:F66) -> 802.715 | N66: =(F66-M66)/F66 -> -0.065810264 | O66: =L66-N66 -> 0.087844691
B67: =IFERROR(__xludf.DUMMYFUNCTION("""COMPUTED_VALUE"""),46226.64583333333) -> 46226.646 | C67: =IFERROR(__xludf.DUMMYFUNCTION("""COMPUTED_VALUE"""),1434.6) -> 1434.6 | E67: =IFERROR(__xludf.DUMMYFUNCTION("""COMPUTED_VALUE"""),46226.64583333333) -> 46226.646 | F67: =IFERROR(__xludf.DUMMYFUNCTION("""COMPUTED_VALUE"""),747.25) -> 747.25 | H67: =C67/F67 -> 1.9198394 | I67: =C67-F67 -> 687.35 | J67: =((I67-$I$129)/$I$130) -> 0.96817179 | K67: =AVERAGE(C48:C67) -> 1412.005 | L67: =(C67-K67)/C67 -> 0.015750035 | M67: =AVERAGE(F48:F67) -> 800.4175 | N67: =(F67-M67)/F67 -> -0.071150887 | O67: =L67-N67 -> 0.086900921
B68: =IFERROR(__xludf.DUMMYFUNCTION("""COMPUTED_VALUE"""),46227.64583333333) -> 46227.646 | C68: =IFERROR(__xludf.DUMMYFUNCTION("""COMPUTED_VALUE"""),1432.9) -> 1432.9 | E68: =IFERROR(__xludf.DUMMYFUNCTION("""COMPUTED_VALUE"""),46227.64583333333) -> 46227.646 | F68: =IFERROR(__xludf.DUMMYFUNCTION("""COMPUTED_VALUE"""),742.8) -> 742.8 | H68: =C68/F68 -> 1.9290522 | I68: =C68-F68 -> 690.1 | J68: =((I68-$I$129)/$I$130) -> 1.0013274 | K68: =AVERAGE(C49:C68) -> 1414.275 | L68: =(C68-K68)/C68 -> 0.012998116 | M68: =AVERAGE(F49:F68) -> 797.7425 | N68: =(F68-M68)/F68 -> -0.073966747 | O68: =L68-N68 -> 0.086964863
B69: =IFERROR(__xludf.DUMMYFUNCTION("""COMPUTED_VALUE"""),46230.64583333333) -> 46230.646 | C69: =IFERROR(__xludf.DUMMYFUNCTION("""COMPUTED_VALUE"""),1445.7) -> 1445.7 | E69: =IFERROR(__xludf.DUMMYFUNCTION("""COMPUTED_VALUE"""),46230.64583333333) -> 46230.646 | F69: =IFERROR(__xludf.DUMMYFUNCTION("""COMPUTED_VALUE"""),739.55) -> 739.55 | H69: =C69/F69 -> 1.9548374 | I69: =C69-F69 -> 706.15 | J69: =((I69-$I$129)/$I$130) -> 1.1948356 | K69: =AVERAGE(C50:C69) -> 1417.18 | L69: =(C69-K69)/C69 -> 0.019727468 | M69: =AVERAGE(F50:F69) -> 794.775 | N69: =(F69-M69)/F69 -> -0.074673788 | O69: =L69-N69 -> 0.094401256
B70: =IFERROR(__xludf.DUMMYFUNCTION("""COMPUTED_VALUE"""),46231.64583333333) -> 46231.646 | C70: =IFERROR(__xludf.DUMMYFUNCTION("""COMPUTED_VALUE"""),1430.8) -> 1430.8 | E70: =IFERROR(__xludf.DUMMYFUNCTION("""COMPUTED_VALUE"""),46231.64583333333) -> 46231.646 | F70: =IFERROR(__xludf.DUMMYFUNCTION("""COMPUTED_VALUE"""),735.4) -> 735.4 | H70: =C70/F70 -> 1.9456078 | I70: =C70-F70 -> 695.4 | J70: =((I70-$I$129)/$I$130) -> 1.0652273 | K70: =AVERAGE(C51:C70) -> 1419.96 | L70: =(C70-K70)/C70 -> 0.0075761812 | M70: =AVERAGE(F51:F70) -> 791.6475 | N70: =(F70-M70)/F70 -> -0.076485586 | O70: =L70-N70 -> 0.084061767
B71: =IFERROR(__xludf.DUMMYFUNCTION("""COMPUTED_VALUE"""),46232.64583333333) -> 46232.646 | C71: =IFERROR(__xludf.DUMMYFUNCTION("""COMPUTED_VALUE"""),1437.9) -> 1437.9 | E71: =IFERROR(__xludf.DUMMYFUNCTION("""COMPUTED_VALUE"""),46232.64583333333) -> 46232.646 | F71: =IFERROR(__xludf.DUMMYFUNCTION("""COMPUTED_VALUE"""),748.2) -> 748.2 | H71: =C71/F71 -> 1.9218123 | I71: =C71-F71 -> 689.7 | J71: =((I71-$I$129)/$I$130) -> 0.99650476 | K71: =AVERAGE(C52:C71) -> 1422.865 | L71: =(C71-K71)/C71 -> 0.010456221 | M71: =AVERAGE(F52:F71) -> 789.25 | N71: =(F71-M71)/F71 -> -0.054865009 | O71: =L71-N71 -> 0.06532123
B72: =IFERROR(__xludf.DUMMYFUNCTION("""COMPUTED_VALUE"""),46233.64583333333) -> 46233.646 | C72: =IFERROR(__xludf.DUMMYFUNCTION("""COMPUTED_VALUE"""),1433.9) -> 1433.9 | E72: =IFERROR(__xludf.DUMMYFUNCTION("""COMPUTED_VALUE"""),46233.64583333333) -> 46233.646 | F72: =IFERROR(__xludf.DUMMYFUNCTION("""COMPUTED_VALUE"""),753.95) -> 753.95 | H72: =C72/F72 -> 1.9018503 | I72: =C72-F72 -> 679.95 | J72: =((I72-$I$129)/$I$130) -> 0.87895308 | K72: =AVERAGE(C53:C72) -> 1424.56 | L72: =(C72-K72)/C72 -> 0.0065137039 | M72: =AVERAGE(F53:F72) -> 787.1525 | N72: =(F72-M72)/F72 -> -0.044038066 | O72: =L72-N72 -> 0.05055177
B73: =IFERROR(__xludf.DUMMYFUNCTION("""COMPUTED_VALUE"""),46234.64583333333) -> 46234.646 | C73: =IFERROR(__xludf.DUMMYFUNCTION("""COMPUTED_VALUE"""),1435.4) -> 1435.4 | E73: =IFERROR(__xludf.DUMMYFUNCTION("""COMPUTED_VALUE"""),46234.64583333333) -> 46234.646 | F73: =IFERROR(__xludf.DUMMYFUNCTION("""COMPUTED_VALUE"""),748.15) -> 748.15 | H73: =C73/F73 -> 1.9185992 | I73: =C73-F73 -> 687.25 | J73: =((I73-$I$129)/$I$130) -> 0.96696613 | K73: =AVERAGE(C54:C73) -> 1425.76 | L73: =(C73-K73)/C73 -> 0.006715898 | M73: =AVERAGE(F54:F73) -> 784.5075 | N73: =(F73-M73)/F73 -> -0.048596538 | O73: =L73-N73 -> 0.055312436
A74: 20 | B74: =IFERROR(__xludf.DUMMYFUNCTION("""COMPUTED_VALUE"""),46237.64583333333) -> 46237.646 | C74: =IFERROR(__xludf.DUMMYFUNCTION("""COMPUTED_VALUE"""),1460.0) -> 1460 | E74: =IFERROR(__xludf.DUMMYFUNCTION("""COMPUTED_VALUE"""),46237.64583333333) -> 46237.646 | F74: =IFERROR(__xludf.DUMMYFUNCTION("""COMPUTED_VALUE"""),753.0) -> 753 | H74: =C74/F74 -> 1.938911 | I74: =C74-F74 -> 707 | J74: =((I74-$I$129)/$I$130) -> 1.2050836 | K74: =AVERAGE(C55:C74) -> 1427.415 | L74: =(C74-K74)/C74 -> 0.022318493 | M74: =AVERAGE(F55:F74) -> 780.665 | N74: =(F74-M74)/F74 -> -0.036739708 | O74: =L74-N74 -> 0.059058201
B75: =IFERROR(__xludf.DUMMYFUNCTION("""COMPUTED_VALUE"""),46238.64583333333) -> 46238.646 | C75: =IFERROR(__xludf.DUMMYFUNCTION("""COMPUTED_VALUE"""),1454.6) -> 1454.6 | E75: =IFERROR(__xludf.DUMMYFUNCTION("""COMPUTED_VALUE"""),46238.64583333333) -> 46238.646 | F75: =IFERROR(__xludf.DUMMYFUNCTION("""COMPUTED_VALUE"""),742.0) -> 742 | H75: =C75/F75 -> 1.9603774 | I75: =C75-F75 -> 712.6 | J75: =((I75-$I$129)/$I$130) -> 1.2726005 | K75: =AVERAGE(C56:C75) -> 1429.41 | L75: =(C75-K75)/C75 -> 0.017317476 | M75: =AVERAGE(F56:F75) -> 776.3 | N75: =(F75-M75)/F75 -> -0.046226415 | O75: =L75-N75 -> 0.063543891
B76: =IFERROR(__xludf.DUMMYFUNCTION("""COMPUTED_VALUE"""),46239.64583333333) -> 46239.646 | C76: =IFERROR(__xludf.DUMMYFUNCTION("""COMPUTED_VALUE"""),1450.1) -> 1450.1 | E76: =IFERROR(__xludf.DUMMYFUNCTION("""COMPUTED_VALUE"""),46239.64583333333) -> 46239.646 | F76: =IFERROR(__xludf.DUMMYFUNCTION("""COMPUTED_VALUE"""),735.0) -> 735 | H76: =C76/F76 -> 1.9729252 | I76: =C76-F76 -> 715.1 | J76: =((I76-$I$129)/$I$130) -> 1.302742 | K76: =AVERAGE(C57:C76) -> 1432.885 | L76: =(C76-K76)/C76 -> 0.011871595 | M76: =AVERAGE(F57:F76) -> 772.535 | N76: =(F76-M76)/F76 -> -0.051068027 | O76: =L76-N76 -> 0.062939622
B77: =IFERROR(__xludf.DUMMYFUNCTION("""COMPUTED_VALUE"""),46240.64583333333) -> 46240.646 | C77: =IFERROR(__xludf.DUMMYFUNCTION("""COMPUTED_VALUE"""),1457.5) -> 1457.5 | E77: =IFERROR(__xludf.DUMMYFUNCTION("""COMPUTED_VALUE"""),46240.64583333333) -> 46240.646 | F77: =IFERROR(__xludf.DUMMYFUNCTION("""COMPUTED_VALUE"""),734.3) -> 734.3 | H77: =C77/F77 -> 1.9848836 | I77: =C77-F77 -> 723.2 | J77: =((I77-$I$129)/$I$130) -> 1.4004003 | K77: =AVERAGE(C58:C77) -> 1436.725 | L77: =(C77-K77)/C77 -> 0.014253859 | M77: =AVERAGE(F58:F77) -> 768.3725 | N77: =(F77-M77)/F77 -> -0.046401335 | O77: =L77-N77 -> 0.060655194
B78: =IFERROR(__xludf.DUMMYFUNCTION("""COMPUTED_VALUE"""),46241.64583333333) -> 46241.646 | C78: =IFERROR(__xludf.DUMMYFUNCTION("""COMPUTED_VALUE"""),1421.0) -> 1421 | E78: =IFERROR(__xludf.DUMMYFUNCTION("""COMPUTED_VALUE"""),46241.64583333333) -> 46241.646 | F78: =IFERROR(__xludf.DUMMYFUNCTION("""COMPUTED_VALUE"""),731.0) -> 731 | H78: =C78/F78 -> 1.9439124 | I78: =C78-F78 -> 690 | J78: =((I78-$I$129)/$I$130) -> 1.0001217 | K78: =AVERAGE(C59:C78) -> 1437.715 | L78: =(C78-K78)/C78 -> -0.011762843 | M78: =AVERAGE(F59:F78) -> 763.675 | N78: =(F78-M78)/F78 -> -0.044699042 | O78: =L78-N78 -> 0.032936199
B79: =IFERROR(__xludf.DUMMYFUNCTION("""COMPUTED_VALUE"""),46244.64583333333) -> 46244.646 | C79: =IFERROR(__xludf.DUMMYFUNCTION("""COMPUTED_VALUE"""),1431.8) -> 1431.8 | E79: =IFERROR(__xludf.DUMMYFUNCTION("""COMPUTED_VALUE"""),46244.64583333333) -> 46244.646 | F79: =IFERROR(__xludf.DUMMYFUNCTION("""COMPUTED_VALUE"""),731.0) -> 731 | H79: =C79/F79 -> 1.9586867 | I79: =C79-F79 -> 700.8 | J79: =((I79-$I$129)/$I$130) -> 1.1303328 | K79: =AVERAGE(C60:C79) -> 1438.83 | L79: =(C79-K79)/C79 -> -0.0049099036 | M79: =AVERAGE(F60:F79) -> 759.3275 | N79: =(F79-M79)/F79 -> -0.03875171 | O79: =L79-N79 -> 0.033841806
B80: =IFERROR(__xludf.DUMMYFUNCTION("""COMPUTED_VALUE"""),46245.64583333333) -> 46245.646 | C80: =IFERROR(__xludf.DUMMYFUNCTION("""COMPUTED_VALUE"""),1429.6) -> 1429.6 | E80: =IFERROR(__xludf.DUMMYFUNCTION("""COMPUTED_VALUE"""),46245.64583333333) -> 46245.646 | F80: =IFERROR(__xludf.DUMMYFUNCTION("""COMPUTED_VALUE"""),729.0) -> 729 | H80: =C80/F80 -> 1.9610425 | I80: =C80-F80 -> 700.6 | J80: =((I80-$I$129)/$I$130) -> 1.1279215 | K80: =AVERAGE(C61:C80) -> 1439.925 | L80: =(C80-K80)/C80 -> -0.0072222999 | M80: =AVERAGE(F61:F80) -> 755.3075 | N80: =(F80-M80)/F80 -> -0.036087106 | O80: =L80-N80 -> 0.028864806
B81: =IFERROR(__xludf.DUMMYFUNCTION("""COMPUTED_VALUE"""),46246.64583333333) -> 46246.646 | C81: =IFERROR(__xludf.DUMMYFUNCTION("""COMPUTED_VALUE"""),1431.7) -> 1431.7 | E81: =IFERROR(__xludf.DUMMYFUNCTION("""COMPUTED_VALUE"""),46246.64583333333) -> 46246.646 | F81: =IFERROR(__xludf.DUMMYFUNCTION("""COMPUTED_VALUE"""),729.0) -> 729 | H81: =C81/F81 -> 1.9639232 | I81: =C81-F81 -> 702.7 | J81: =((I81-$I$129)/$I$130) -> 1.1532403 | K81: =AVERAGE(C62:C81) -> 1440.7 | L81: =(C81-K81)/C81 -> -0.0062862331 | M81: =AVERAGE(F62:F81) -> 750.985 | N81: =(F81-M81)/F81 -> -0.03015775 | O81: =L81-N81 -> 0.023871517
B82: =IFERROR(__xludf.DUMMYFUNCTION("""COMPUTED_VALUE"""),46247.64583333333) -> 46247.646 | C82: =IFERROR(__xludf.DUMMYFUNCTION("""COMPUTED_VALUE"""),1406.8) -> 1406.8 | E82: =IFERROR(__xludf.DUMMYFUNCTION("""COMPUTED_VALUE"""),46247.64583333333) -> 46247.646 | F82: =IFERROR(__xludf.DUMMYFUNCTION("""COMPUTED_VALUE"""),725.0) -> 725 | H82: =C82/F82 -> 1.9404138 | I82: =C82-F82 -> 681.8 | J82: =((I82-$I$129)/$I$130) -> 0.90125776 | K82: =AVERAGE(C63:C82) -> 1440.13 | L82: =(C82-K82)/C82 -> -0.023692067 | M82: =AVERAGE(F63:F82) -> 746.82 | N82: =(F82-M82)/F82 -> -0.030096552 | O82: =L82-N82 -> 0.0064044846
B83: =IFERROR(__xludf.DUMMYFUNCTION("""COMPUTED_VALUE"""),46248.64583333333) -> 46248.646 | C83: =IFERROR(__xludf.DUMMYFUNCTION("""COMPUTED_VALUE"""),1417.0) -> 1417 | E83: =IFERROR(__xludf.DUMMYFUNCTION("""COMPUTED_VALUE"""),46248.64583333333) -> 46248.646 | F83: =IFERROR(__xludf.DUMMYFUNCTION("""COMPUTED_VALUE"""),727.0) -> 727 | H83: =C83/F83 -> 1.9491059 | I83: =C83-F83 -> 690 | J83: =((I83-$I$129)/$I$130) -> 1.0001217 | K83: =AVERAGE(C64:C83) -> 1438.765 | L83: =(C83-K83)/C83 -> -0.015359915 | M83: =AVERAGE(F64:F83) -> 742.19 | N83: =(F83-M83)/F83 -> -0.020894085 | O83: =L83-N83 -> 0.00553417
A84: 10 | B84: =IFERROR(__xludf.DUMMYFUNCTION("""COMPUTED_VALUE"""),46251.64583333333) -> 46251.646 | C84: =IFERROR(__xludf.DUMMYFUNCTION("""COMPUTED_VALUE"""),1415.3) -> 1415.3 | E84: =IFERROR(__xludf.DUMMYFUNCTION("""COMPUTED_VALUE"""),46251.64583333333) -> 46251.646 | F84: =IFERROR(__xludf.DUMMYFUNCTION("""COMPUTED_VALUE"""),729.0) -> 729 | H84: =C84/F84 -> 1.9414266 | I84: =C84-F84 -> 686.3 | J84: =((I84-$I$129)/$I$130) -> 0.95551238 | K84: =AVERAGE(C65:C84) -> 1436.52 | L84: =(C84-K84)/C84 -> -0.014993288 | M84: =AVERAGE(F65:F84) -> 739.76 | N84: =(F84-M84)/F84 -> -0.014759945 | O84: =L84-N84 -> -0.00023334251
B85: =IFERROR(__xludf.DUMMYFUNCTION("""COMPUTED_VALUE"""),46252.64583333333) -> 46252.646 | C85: =IFERROR(__xludf.DUMMYFUNCTION("""COMPUTED_VALUE"""),1412.0) -> 1412 | E85: =IFERROR(__xludf.DUMMYFUNCTION("""COMPUTED_VALUE"""),46252.64583333333) -> 46252.646 | F85: =IFERROR(__xludf.DUMMYFUNCTION("""COMPUTED_VALUE"""),723.0) -> 723 | H85: =C85/F85 -> 1.9529737 | I85: =C85-F85 -> 689 | J85: =((I85-$I$129)/$I$130) -> 0.98806515 | K85: =AVERAGE(C66:C85) -> 1433.965 | L85: =(C85-K85)/C85 -> -0.015555949 | M85: =AVERAGE(F66:F85) -> 737.8375 | N85: =(F85-M85)/F85 -> -0.02052213 | O85: =L85-N85 -> 0.004966181
B86: =IFERROR(__xludf.DUMMYFUNCTION("""COMPUTED_VALUE"""),46253.64583333333) -> 46253.646 | C86: =IFERROR(__xludf.DUMMYFUNCTION("""COMPUTED_VALUE"""),1402.0) -> 1402 | E86: =IFERROR(__xludf.DUMMYFUNCTION("""COMPUTED_VALUE"""),46253.64583333333) -> 46253.646 | F86: =IFERROR(__xludf.DUMMYFUNCTION("""COMPUTED_VALUE"""),720.0) -> 720 | H86: =C86/F86 -> 1.9472222 | I86: =C86-F86 -> 682 | J86: =((I86-$I$129)/$I$130) -> 0.90366907 | K86: =AVERAGE(C67:C86) -> 1432.03 | L86: =(C86-K86)/C86 -> -0.021419401 | M86: =AVERAGE(F67:F86) -> 736.18 | N86: =(F86-M86)/F86 -> -0.022472222 | O86: =L86-N86 -> 0.0010528214
B87: =IFERROR(__xludf.DUMMYFUNCTION("""COMPUTED_VALUE"""),46254.64583333333) -> 46254.646 | C87: =IFERROR(__xludf.DUMMYFUNCTION("""COMPUTED_VALUE"""),1411.9) -> 1411.9 | E87: =IFERROR(__xludf.DUMMYFUNCTION("""COMPUTED_VALUE"""),46254.64583333333) -> 46254.646 | F87: =IFERROR(__xludf.DUMMYFUNCTION("""COMPUTED_VALUE"""),725.05) -> 725.05 | H87: =C87/F87 -> 1.947314 | I87: =C87-F87 -> 686.85 | J87: =((I87-$I$129)/$I$130) -> 0.9621435 | K87: =AVERAGE(C68:C87) -> 1430.895 | L87: =(C87-K87)/C87 -> -0.013453502 | M87: =AVERAGE(F68:F87) -> 735.07 | N87: =(F87-M87)/F87 -> -0.013819737 | O87: =L87-N87 -> 0.0003662342
B88: =IFERROR(__xludf.DUMMYFUNCTION("""COMPUTED_VALUE"""),46255.64583333333) -> 46255.646 | C88: =IFERROR(__xludf.DUMMYFUNCTION("""COMPUTED_VALUE"""),1420.0) -> 1420 | E88: =IFERROR(__xludf.DUMMYFUNCTION("""COMPUTED_VALUE"""),46255.64583333333) -> 46255.646 | F88: =IFERROR(__xludf.DUMMYFUNCTION("""COMPUTED_VALUE"""),726.95) -> 726.95 | H88: =C88/F88 -> 1.9533668 | I88: =C88-F88 -> 693.05 | J88: =((I88-$I$129)/$I$130) -> 1.0368943 | K88: =AVERAGE(C69:C88) -> 1430.25 | L88: =(C88-K88)/C88 -> -0.0072183099 | M88: =AVERAGE(F69:F88) -> 734.2775 | N88: =(F88-M88)/F88 -> -0.010079785 | O88: =L88-N88 -> 0.0028614755
B89: =IFERROR(__xludf.DUMMYFUNCTION("""COMPUTED_VALUE"""),46258.64583333333) -> 46258.646 | C89: =IFERROR(__xludf.DUMMYFUNCTION("""COMPUTED_VALUE"""),1415.0) -> 1415 | E89: =IFERROR(__xludf.DUMMYFUNCTION("""COMPUTED_VALUE"""),46258.64583333333) -> 46258.646 | F89: =IFERROR(__xludf.DUMMYFUNCTION("""COMPUTED_VALUE"""),729.0) -> 729 | H89: =C89/F89 -> 1.9410151 | I89: =C89-F89 -> 686 | J89: =((I89-$I$129)/$I$130) -> 0.9518954 | K89: =AVERAGE(C70:C89) -> 1428.715 | L89: =(C89-K89)/C89 -> -0.0096925795 | M89: =AVERAGE(F70:F89) -> 733.75 | N89: =(F89-M89)/F89 -> -0.006515775 | O89: =L89-N89 -> -0.0031768045
B90: =IFERROR(__xludf.DUMMYFUNCTION("""COMPUTED_VALUE"""),46259.64583333333) -> 46259.646 | C90: =IFERROR(__xludf.DUMMYFUNCTION("""COMPUTED_VALUE"""),1422.7) -> 1422.7 | E90: =IFERROR(__xludf.DUMMYFUNCTION("""COMPUTED_VALUE"""),46259.64583333333) -> 46259.646 | F90: =IFERROR(__xludf.DUMMYFUNCTION("""COMPUTED_VALUE"""),727.5) -> 727.5 | H90: =C90/F90 -> 1.9556014 | I90: =C90-F90 -> 695.2 | J90: =((I90-$I$129)/$I$130) -> 1.062816 | K90: =AVERAGE(C71:C90) -> 1428.31 | L90: =(C90-K90)/C90 -> -0.0039432066 | M90: =AVERAGE(F71:F90) -> 733.355 | N90: =(F90-M90)/F90 -> -0.00804811 | O90: =L90-N90 -> 0.0041049034
B91: =IFERROR(__xludf.DUMMYFUNCTION("""COMPUTED_VALUE"""),46260.64583333333) -> 46260.646 | C91: =IFERROR(__xludf.DUMMYFUNCTION("""COMPUTED_VALUE"""),1430.0) -> 1430 | E91: =IFERROR(__xludf.DUMMYFUNCTION("""COMPUTED_VALUE"""),46260.64583333333) -> 46260.646 | F91: =IFERROR(__xludf.DUMMYFUNCTION("""COMPUTED_VALUE"""),727.2) -> 727.2 | H91: =C91/F91 -> 1.9664466 | I91: =C91-F91 -> 702.8 | J91: =((I91-$I$129)/$I$130) -> 1.154446 | K91: =AVERAGE(C72:C91) -> 1427.915 | L91: =(C91-K91)/C91 -> 0.001458042 | M91: =AVERAGE(F72:F91) -> 732.305 | N91: =(F91-M91)/F91 -> -0.007020077 | O91: =L91-N91 -> 0.008478119
B92: =IFERROR(__xludf.DUMMYFUNCTION("""COMPUTED_VALUE"""),46261.64583333333) -> 46261.646 | C92: =IFERROR(__xludf.DUMMYFUNCTION("""COMPUTED_VALUE"""),1443.0) -> 1443 | E92: =IFERROR(__xludf.DUMMYFUNCTION("""COMPUTED_VALUE"""),46261.64583333333) -> 46261.646 | F92: =IFERROR(__xludf.DUMMYFUNCTION("""COMPUTED_VALUE"""),711.0) -> 711 | H92: =C92/F92 -> 2.0295359 | I92: =C92-F92 -> 732 | J92: =((I92-$I$129)/$I$130) -> 1.5064982 | K92: =AVERAGE(C73:C92) -> 1428.37 | L92: =(C92-K92)/C92 -> 0.0101386 | M92: =AVERAGE(F73:F92) -> 730.1575 | N92: =(F92-M92)/F92 -> -0.026944444 | O92: =L92-N92 -> 0.037083045
B93: =IFERROR(__xludf.DUMMYFUNCTION("""COMPUTED_VALUE"""),46262.64583333333) -> 46262.646 | C93: =IFERROR(__xludf.DUMMYFUNCTION("""COMPUTED_VALUE"""),1422.8) -> 1422.8 | E93: =IFERROR(__xludf.DUMMYFUNCTION("""COMPUTED_VALUE"""),46262.64583333333) -> 46262.646 | F93: =IFERROR(__xludf.DUMMYFUNCTION("""COMPUTED_VALUE"""),720.3) -> 720.3 | H93: =C93/F93 -> 1.9752881 | I93: =C93-F93 -> 702.5 | J93: =((I93-$I$129)/$I$130) -> 1.150829 | K93: =AVERAGE(C74:C93) -> 1427.74 | L93: =(C93-K93)/C93 -> -0.003472027 | M93: =AVERAGE(F74:F93) -> 728.765 | N93: =(F93-M93)/F93 -> -0.011752048 | O93: =L93-N93 -> 0.0082800208
B94: =IFERROR(__xludf.DUMMYFUNCTION("""COMPUTED_VALUE"""),46265.64583333333) -> 46265.646 | C94: =IFERROR(__xludf.DUMMYFUNCTION("""COMPUTED_VALUE"""),1454.0) -> 1454 | E94: =IFERROR(__xludf.DUMMYFUNCTION("""COMPUTED_VALUE"""),46265.64583333333) -> 46265.646 | F94: =IFERROR(__xludf.DUMMYFUNCTION("""COMPUTED_VALUE"""),709.0) -> 709 | H94: =C94/F94 -> 2.0507757 | I94: =C94-F94 -> 745 | J94: =((I94-$I$129)/$I$130) -> 1.6632338 | K94: =AVERAGE(C75:C94) -> 1427.44 | L94: =(C94-K94)/C94 -> 0.01826685 | M94: =AVERAGE(F75:F94) -> 726.565 | N94: =(F94-M94)/F94 -> -0.02477433 | O94: =L94-N94 -> 0.04304118
B95: =IFERROR(__xludf.DUMMYFUNCTION("""COMPUTED_VALUE"""),46266.64583333333) -> 46266.646 | C95: =IFERROR(__xludf.DUMMYFUNCTION("""COMPUTED_VALUE"""),1438.0) -> 1438 | E95: =IFERROR(__xludf.DUMMYFUNCTION("""COMPUTED_VALUE"""),46266.64583333333) -> 46266.646 | F95: =IFERROR(__xludf.DUMMYFUNCTION("""COMPUTED_VALUE"""),711.9) -> 711.9 | H95: =C95/F95 -> 2.0199466 | I95: =C95-F95 -> 726.1 | J95: =((I95-$I$129)/$I$130) -> 1.4353644 | K95: =AVERAGE(C76:C95) -> 1426.61 | L95: =(C95-K95)/C95 -> 0.0079207232 | M95: =AVERAGE(F76:F95) -> 725.06 | N95: =(F95-M95)/F95 -> -0.018485742 | O95: =L95-N95 -> 0.026406466
B96: =IFERROR(__xludf.DUMMYFUNCTION("""COMPUTED_VALUE"""),46267.64583333333) -> 46267.646 | C96: =IFERROR(__xludf.DUMMYFUNCTION("""COMPUTED_VALUE"""),1426.5) -> 1426.5 | E96: =IFERROR(__xludf.DUMMYFUNCTION("""COMPUTED_VALUE"""),46267.64583333333) -> 46267.646 | F96: =IFERROR(__xludf.DUMMYFUNCTION("""COMPUTED_VALUE"""),700.8) -> 700.8 | H96: =C96/F96 -> 2.0355308 | I96: =C96-F96 -> 725.7 | J96: =((I96-$I$129)/$I$130) -> 1.4305418 | K96: =AVERAGE(C77:C96) -> 1425.43 | L96: =(C96-K96)/C96 -> 0.00075008763 | M96: =AVERAGE(F77:F96) -> 723.35 | N96: =(F96-M96)/F96 -> -0.032177511 | O96: =L96-N96 -> 0.032927599
